Country,Arrival by mode of transport,1995,1996,1997,1998,1999,2000,2001,2002,2003,2004,2005,2006,2007,2008,2009,2010,2011,2012,2013,2014,2015,2016,2017,2018,2019,2020,2021,2022
ALBANIA,Air,45.0,39.0,32.0,79.0,86.0,72.0,91.0,80.0,87.0,103.0,128.0,151.0,182.0,206.0,227.0,246.0,267.0,273.0,314.0,337.2,401.0,457.0,577.8,691.6,783.9,269.8,764.7,1250.0
ALBANIA,Water,83.0,78.0,19.0,33.0,152.0,79.0,103.0,111.0,120.0,139.0,130.0,141.0,162.0,189.0,215.0,216.0,191.0,180.0,182.0,198.0,211.0,276.0,393.0,439.3,468.4,64.1,205.9,383.9
ALBANIA,Land,176.0,170.0,68.0,72.0,133.0,166.0,160.0,279.0,351.0,404.0,490.0,645.0,782.0,1024.0,1414.0,1955.0,2474.0,3061.0,2760.0,3137.5,3519.0,4003.0,4146.8,4795.9,5153.8,2323.9,4718.1,5909.9
ALGERIA,Air,346.0,370.0,343.0,0.0,369.0,382.0,403.0,456.0,0.0,0.0,0.0,0.0,0.0,0.0,0.0,0.0,0.0,0.0,0.0,0.0,0.0,0.0,0.0,0.0,0.0,0.0,0.0,0.0
ALGERIA,Water,110.0,172.0,107.0,0.0,196.0,201.0,203.0,322.0,0.0,0.0,0.0,0.0,0.0,0.0,0.0,0.0,0.0,0.0,0.0,0.0,0.0,0.0,0.0,0.0,0.0,0.0,0.0,0.0
ALGERIA,Land,63.0,63.0,184.0,0.0,184.0,283.0,295.0,210.0,0.0,0.0,0.0,0.0,0.0,0.0,0.0,0.0,0.0,0.0,0.0,0.0,0.0,0.0,0.0,0.0,0.0,0.0,0.0,0.0
AMERICAN SAMOA,Air,0.0,0.0,0.0,0.0,0.0,0.0,0.0,0.0,0.0,0.0,0.0,0.0,0.0,18.8,20.1,19.6,19.3,19.3,17.6,16.6,16.4,15.8,16.4,17.4,0.0,0.0,0.0,0.0
AMERICAN SAMOA,Water,0.0,0.0,0.0,0.0,0.0,0.0,0.0,0.0,0.0,0.0,0.0,0.0,0.0,5.4,3.5,3.5,3.3,3.3,3.2,5.0,3.9,4.3,3.6,2.8,0.0,0.0,0.0,0.0
ANDORRA,Land,0.0,0.0,0.0,0.0,9422.0,10991.0,11351.0,11507.0,11601.0,11668.0,11049.0,10737.0,10743.0,10194.0,9112.0,8551.0,7983.0,7900.0,7676.0,7797.0,7850.0,8025.0,8152.0,8328.0,8235.0,5207.0,5422.0,8426.7
ANGOLA,Air,9.0,20.0,44.0,51.0,43.0,48.0,58.0,61.0,83.0,144.0,153.0,120.0,172.0,294.0,366.0,425.0,481.0,528.0,650.0,595.0,592.0,397.0,261.0,218.0,218.0,64.0,64.0,130.0
ANGOLA,Water,0.0,0.0,0.0,1.0,0.0,0.0,1.0,3.0,3.0,4.0,5.0,0.0,18.0,0.0,0.0,0.0,0.0,0.0,0.0,0.0,0.0,0.0,0.0,0.0,0.0,0.0,0.0,0.0
ANGOLA,Land,0.0,1.0,1.0,0.0,2.0,2.0,8.0,27.0,21.0,46.0,52.0,1.0,4.0,0.0,0.0,0.0,0.0,0.0,0.0,0.0,0.0,0.0,0.0,0.0,0.0,0.0,0.0,0.0
ANGUILLA,Air,29.0,28.0,33.0,29.0,29.0,28.0,32.0,30.0,28.0,24.0,32.0,33.0,35.0,27.0,17.0,17.0,18.0,15.0,15.0,14.0,13.0,13.1,13.1,13.4,16.7,5.2,7.8,28.1
ANGUILLA,Water,78.0,58.0,81.0,85.0,78.0,84.0,73.0,81.0,81.0,97.0,111.0,134.0,129.0,101.0,95.0,101.0,106.0,114.0,136.0,163.0,173.0,162.9,137.5,74.0,149.7,35.9,20.9,67.6
ANTIGUA AND BARBUDA,Air,191.0,202.0,211.0,204.0,208.0,207.0,193.0,198.0,224.0,246.0,245.0,254.0,262.0,266.0,234.0,230.0,241.0,247.0,243.0,249.0,250.0,265.0,247.3,269.0,301.0,125.1,169.4,265.0
ANTIGUA AND BARBUDA,Water,227.0,270.0,286.0,336.0,328.0,427.0,409.0,310.0,384.0,523.0,467.0,584.0,673.0,597.0,710.0,558.0,606.5,572.0,534.0,522.0,644.0,609.0,793.0,795.0,734.0,150.8,80.6,377.0
ARGENTINA,Air,0.0,0.0,0.0,0.0,0.0,1192.0,998.0,928.0,1227.0,1666.0,2069.0,2279.0,2566.0,2586.0,2220.0,2865.4,2884.8,2763.9,2530.0,2609.0,2425.9,2390.0,2567.0,2760.0,3065.2,694.3,211.1,1691.1
ARGENTINA,Water,0.0,0.0,0.0,0.0,0.0,389.0,300.0,275.0,339.0,274.0,318.0,391.0,453.0,492.0,457.0,1031.4,1012.2,973.6,1047.6,997.3,1003.1,1018.9,1032.5,1036.8,1094.7,358.0,28.3,566.4
ARGENTINA,Land,0.0,0.0,0.0,0.0,0.0,1328.0,1322.0,1617.0,1430.0,1517.0,1436.0,1503.0,1543.0,1622.0,1630.0,2902.9,2806.0,2759.7,2932.8,3559.1,3386.8,3259.4,3111.8,3145.0,3239.1,1037.2,58.0,1632.3
ARMENIA,Air,11.0,12.0,20.0,29.0,36.0,39.0,107.0,135.0,173.0,196.0,225.0,270.0,344.0,371.0,382.0,460.0,503.0,564.0,618.0,701.0,693.1,740.3,765.6,806.0,980.0,198.8,648.7,1054.3
ARMENIA,Land,1.0,1.0,3.0,3.0,5.0,6.0,17.0,27.0,33.0,66.0,93.0,111.0,167.0,187.0,193.0,223.0,255.0,399.0,466.0,503.0,499.0,519.4,729.2,845.8,914.0,176.4,221.70000000000002,611.4
ARUBA,Air,619.0,641.0,650.0,647.0,683.0,721.0,691.0,643.0,642.0,728.0,733.0,694.0,772.0,827.0,813.0,824.0,869.0,904.0,979.0,1072.0,1225.0,1102.0,1070.5,1082.0,1118.9,368.3,806.6,1101.0
ARUBA,Water,293.0,316.0,297.0,259.0,289.0,490.0,487.0,582.0,542.0,576.0,553.0,591.0,482.0,556.0,607.0,570.0,600.0,577.0,688.0,667.0,607.0,656.0,792.4,815.0,832.0,255.4,136.0,610.474
AUSTRALIA,Air,3712.0,4149.0,4305.0,4146.0,4427.0,4904.0,4832.0,4819.0,4730.0,5201.0,5486.0,5514.0,5619.0,5558.0,5464.0,5772.0,5760.0,6017.0,6385.5,6864.5,7387.2,8209.1,8743.1,9167.3,9387.4,1788.6,246.0,3675.3
AUSTRALIA,Water,14.0,15.0,13.0,21.0,33.0,27.0,24.0,22.0,16.0,14.0,13.0,19.0,26.0,27.0,26.0,18.0,11.0,16.0,96.2,57.2,62.0,59.8,72.2,78.3,78.5,39.1,0.2,19.1
AZERBAIJAN,Air,0.0,195.0,286.0,466.0,564.0,658.0,739.0,173.0,217.0,276.0,276.0,281.0,297.0,572.0,624.0,646.0,795.0,946.0,993.5,1089.2,968.9,1164.9,1151.5,1183.8,1285.2,219.4,380.2,1042.1
AZERBAIJAN,Water,0.0,1.0,3.0,1.0,1.0,1.0,2.0,2.0,6.0,8.0,10.0,9.0,9.0,15.0,13.0,14.0,20.0,21.0,26.6,16.1,32.1,16.8,18.9,28.3,24.5,19.7,17.1,24.0
AZERBAIJAN,Land,0.0,14.0,17.0,16.0,37.0,22.0,26.0,659.0,815.0,995.0,891.0,903.0,1026.0,1312.0,1193.0,1303.0,1424.0,1517.0,1488.8,1192.4,1005.7,1066.8,1526.3,1637.4,1860.6999999999998,556.6,394.50000000000006,536.2
BAHAMAS,Air,1317.0,1368.0,1368.0,1305.0,1439.0,1481.0,1428.0,1403.0,1429.0,1450.0,1514.5,1492.0,1487.0,1393.0,1252.0,1295.0,1268.0,1357.0,1281.0,1343.0,1391.0,1392.0,1335.6,1558.1,1662.4,418.3,886.6,1470.2
BAHAMAS,Water,1922.0,2048.0,2078.0,2043.0,2209.0,2722.0,2755.0,3003.0,3165.0,3554.0,3264.9,3239.0,3114.0,3001.0,3393.0,3960.0,4320.0,4583.0,4870.0,4977.0,4721.0,4873.0,4800.2,5063.9,5587.1,1376.2,1214.0,5530.5
BAHRAIN,Air,0.0,505.0,552.0,606.0,656.0,720.0,791.0,920.0,974.0,1176.0,1301.0,1544.0,1642.0,1855.0,1941.0,2280.0,1521.0,1628.0,1615.0,1705.5,1048.0,1069.0,1196.6,1150.5,1220.6,299.0,393.3,978.7
BAHRAIN,Water,0.0,2.0,4.0,5.0,5.0,6.0,9.0,13.0,8.0,7.0,5.0,12.0,53.0,80.0,94.0,143.0,55.0,55.0,66.0,59.0,40.0,56.0,68.6,81.1,133.7,51.3,7.3,32.6
BAHRAIN,Land,0.0,1481.0,2044.0,2286.0,2619.0,3143.0,3588.0,3897.0,3862.0,4484.0,5007.0,5733.0,6139.0,6696.0,6825.0,9528.0,5156.0,6381.0,7481.5,8684.3,8582.0,9033.0,10108.8,10813.1,9706.9,1558.7,3211.5,8937.4
BANGLADESH,Air,131.0,136.0,148.0,139.0,134.0,151.0,158.0,151.0,187.0,218.0,140.0,151.0,227.0,0.0,0.0,0.0,0.0,0.0,0.0,0.0,0.0,0.0,0.0,0.0,0.0,0.0,0.0,0.0
BANGLADESH,Land,25.0,30.0,34.0,33.0,39.0,48.0,49.0,56.0,58.0,53.0,68.0,49.0,62.0,0.0,0.0,0.0,0.0,0.0,0.0,0.0,0.0,0.0,0.0,0.0,0.0,0.0,0.0,0.0
BARBADOS,Air,434.0,438.0,461.0,499.0,507.0,538.0,498.0,492.0,526.0,546.0,544.0,557.0,575.0,568.0,519.0,532.0,568.0,536.0,509.0,521.0,592.0,632.0,664.0,680.3,522.6,207.4,144.8,539.7
BARBADOS,Water,493.0,519.0,529.0,520.0,440.0,540.0,537.0,529.0,564.0,727.0,567.0,544.0,616.0,597.0,635.0,665.0,619.0,517.0,570.0,558.0,587.0,595.0,681.0,675.8,443.1,338.4,97.4,357.9
BELARUS,Air,0.0,0.0,0.0,0.0,0.0,0.0,0.0,0.0,0.0,0.0,0.0,122.0,162.0,194.0,200.0,231.0,256.0,253.0,268.0,294.0,324.0,818.1,992.1,1084.9,1198.9,438.4,414.2,416.4
BELARUS,Land,0.0,0.0,0.0,0.0,0.0,0.0,0.0,0.0,0.0,0.0,0.0,5046.0,5015.0,4987.0,4525.0,5302.0,5426.0,5657.0,5685.0,4798.0,3855.0,9460.3,9452.199999999999,10015.6,10228.300000000001,3024.7000000000003,2827.5,4298.2
BELIZE,Air,94.0,94.0,98.0,109.0,115.0,132.0,134.0,130.0,152.0,163.0,175.0,179.0,183.0,178.0,168.0,172.0,182.0,212.0,223.5,239.0,255.9,298.2,322.2,369.5,384.4,110.4,201.6,0.0
BELIZE,Water,10.0,12.0,14.0,11.0,10.0,9.0,9.0,8.0,8.0,8.0,8.0,8.0,10.0,10.0,715.0,789.0,747.0,651.0,688.0,979.0,967.6,1014.0,1024.0,1217.5,1182.0,349.4,212.9,0.0
BELIZE,Land,225.0,244.0,192.0,56.0,56.0,55.0,53.0,62.0,60.0,60.0,54.0,60.0,59.0,57.0,57.0,92.0,177.0,165.0,111.0,71.0,75.6,78.4,95.2,110.4,107.7,27.4,22.7,0.0
BENIN,Air,0.0,0.0,0.0,0.0,36.0,62.0,0.0,0.0,0.0,0.0,0.0,0.0,81.0,71.0,81.0,88.0,73.0,95.0,107.4,97.5,99.7,105.6,112.4,114.7,115.0,121.1,0.0,0.0
BENIN,Water,0.0,0.0,0.0,0.0,0.1,0.3,0.0,0.0,0.0,0.0,0.0,0.0,7.0,27.0,8.0,25.0,23.0,19.0,20.2,19.3,21.4,22.4,23.2,18.7,19.9,22.4,0.0,0.0
BENIN,Land,0.0,0.0,0.0,0.0,44.0,34.0,0.0,0.0,0.0,0.0,0.0,0.0,97.0,90.0,101.0,86.0,113.0,106.0,103.3,125.6,133.5,139.3,145.2,161.4,174.5,181.4,0.0,0.0
BERMUDA,Air,387.0,390.0,380.0,370.0,355.0,332.0,278.0,284.0,257.0,272.0,270.0,299.0,306.0,264.0,236.0,232.0,236.0,232.0,236.0,224.0,220.0,244.0,269.6,282.0,269.0,42.1,72.2,145.9
BERMUDA,Water,170.0,182.0,182.0,188.0,194.0,207.0,180.0,200.0,226.0,206.0,247.0,336.0,354.0,286.0,318.0,348.0,416.0,378.0,340.0,356.0,377.0,398.0,418.0,484.0,536.0,9.3,14.2,402.7
BHUTAN,Air,4.8,5.2,5.4,6.2,7.2,7.6,6.4,4.1,5.1,6.6,11.7,14.0,16.0,23.0,19.0,35.0,57.0,59.5,60.8,65.9,86.0,103.5,126.9,142.4,142.9,11.2,0.001,10.9
BHUTAN,Land,0.0,0.0,0.0,0.0,0.0,0.0,0.0,1.5,1.1,2.6,1.9,3.3,5.0,5.0,4.0,6.0,9.0,45.9,55.5,67.5,69.0,106.0,127.8,131.7,172.7,18.6,0.0,10.0
"BOLIVIA, PLURINATIONAL STATE OF",Air,168.0,194.0,245.0,279.0,236.0,233.0,208.0,199.0,222.0,240.0,267.0,242.0,247.0,203.7,226.2,238.8,286.7,291.5,330.7,375.4,410.3,397.9,417.6,415.0,383.0,107.5,127.2,264.2
"BOLIVIA, PLURINATIONAL STATE OF",Water,4.0,5.0,5.0,5.0,5.0,6.0,4.0,2.0,2.0,3.0,1.0,1.0,1.0,0.0,0.0,0.0,0.0,0.0,0.0,0.0,0.0,0.0,0.0,0.0,0.0,0.0,0.0,0.0
"BOLIVIA, PLURINATIONAL STATE OF",Land,111.0,114.0,105.0,103.0,101.0,80.0,104.0,133.0,204.0,237.0,256.0,278.0,325.0,325.9,373.1,439.8,424.6,506.4,467.6,495.1,471.3,562.9,691.0,726.9,856.3,215.7,52.7,459.9
BONAIRE,Air,59.0,65.0,63.0,62.0,61.0,51.0,50.0,52.0,62.0,63.0,63.0,64.0,74.0,74.0,67.0,71.0,0.0,0.0,0.0,0.0,0.0,0.0,0.0,0.0,0.0,0.0,0.0,0.0
BONAIRE,Water,0.0,0.0,20.0,20.0,15.0,44.0,43.0,42.0,45.0,53.0,40.0,62.0,98.0,176.0,213.0,226.0,0.0,0.0,0.0,0.0,0.0,0.0,0.0,0.0,0.0,0.0,0.0,0.0
BOSNIA AND HERZEGOVINA,Air,0.0,0.0,0.0,0.0,0.0,0.0,0.0,0.0,0.0,0.0,0.0,0.0,0.0,0.0,0.0,0.0,0.0,262.0,290.0,334.0,395.0,432.0,535.0,562.0,570.0,113.0,360.0,658.3
BOSNIA AND HERZEGOVINA,Water,0.0,0.0,0.0,0.0,0.0,0.0,0.0,0.0,0.0,0.0,0.0,0.0,0.0,0.0,0.0,0.0,0.0,18.0,14.0,3.0,3.0,3.0,5.0,7.0,8.0,7.0,11.0,10.7
BOSNIA AND HERZEGOVINA,Land,0.0,0.0,0.0,0.0,0.0,0.0,0.0,0.0,0.0,0.0,0.0,0.0,0.0,0.0,0.0,0.0,0.0,13152.0,12668.0,12394.0,12722.0,14622.0,15593.0,16350.0,14630.0,7267.0,9401.0,13170.8
BOTSWANA,Air,28.0,30.0,34.0,37.0,41.0,0.0,77.0,95.0,71.0,66.0,0.0,68.0,83.0,85.0,0.0,0.0,0.0,0.0,0.0,130.0,128.7,119.5,119.4,129.3,120.4,14.8,36.6,0.0
BOTSWANA,Land,493.0,482.0,573.0,713.0,803.0,0.0,1111.0,1179.0,1335.0,1457.0,0.0,1358.0,1653.0,2016.0,0.0,0.0,0.0,0.0,0.0,1953.0,1531.5,1592.6,1655.5,1700.9,1435.0,343.4,301.0,0.0
BRAZIL,Air,1343.0,1894.0,2005.0,2421.0,2534.0,2723.0,2960.0,2815.0,3083.0,3569.0,3938.0,3713.0,3747.0,3691.0,3349.0,3610.0,3808.0,3987.0,4066.0,4540.0,4318.4,4368.9,4187.5,4328.1,4288.5,1185.6,585.4,2467.1
BRAZIL,Water,43.0,53.0,70.0,123.0,127.0,161.0,134.0,79.0,57.0,74.0,106.0,123.0,129.0,110.0,154.0,151.0,182.0,150.0,135.0,130.0,116.8,136.3,149.7,204.8,225.2,123.5,1.6,81.0
BRAZIL,Land,605.0,718.0,775.0,2274.0,2446.0,2429.0,1678.0,891.0,993.0,1151.0,1314.0,1181.0,1150.0,1249.0,1299.0,1400.0,1443.0,1541.0,1612.0,1760.0,1870.6,2041.5,2251.6,2088.5,1839.4,837.3,158.9,1081.9
BRITISH VIRGIN ISLANDS,Air,104.0,108.0,108.0,128.0,129.0,136.0,144.0,135.0,153.0,220.0,205.0,165.0,147.0,132.0,105.0,109.0,93.0,86.0,88.0,84.4,0.0,0.0,0.0,0.0,0.0,0.0,0.0,0.0
BRITISH VIRGIN ISLANDS,Water,261.0,304.0,257.0,264.0,355.0,383.0,391.0,409.0,504.0,593.0,616.0,661.0,801.0,802.0,752.0,733.0,738.0,667.0,654.0,688.2,0.0,0.0,0.0,0.0,0.0,0.0,0.0,0.0
BRUNEI DARUSSALAM,Air,0.0,0.0,0.0,0.0,0.0,0.0,0.0,0.0,0.0,119.0,126.0,158.0,179.0,226.0,157.0,214.0,242.0,209.0,225.0,201.0,218.0,218.8,259.0,278.0,333.2,62.3,3.5,0.0
BRUNEI DARUSSALAM,Water,0.0,0.0,0.0,0.0,0.0,0.0,0.0,0.0,0.0,0.0,0.0,0.0,0.0,0.0,0.0,0.0,0.0,0.0,0.0,0.0,0.0,25.1,11.0,19.0,15.1,1.5,0.0,0.0
BRUNEI DARUSSALAM,Land,0.0,0.0,0.0,0.0,0.0,0.0,0.0,0.0,0.0,0.0,0.0,0.0,0.0,0.0,0.0,0.0,0.0,0.0,0.0,0.0,0.0,4013.3,4046.0,4224.0,4100.6,1006.8,106.8,0.0
BULGARIA,Air,827.0,947.0,981.0,933.0,651.0,776.0,1008.0,1185.0,1409.0,1715.0,2007.0,2203.0,2318.0,0.0,0.0,0.0,0.0,0.0,0.0,0.0,0.0,0.0,0.0,0.0,0.0,0.0,0.0,0.0
BULGARIA,Water,90.0,62.0,91.0,77.0,92.0,100.0,117.0,104.0,120.0,156.0,178.0,169.0,211.0,0.0,0.0,0.0,0.0,0.0,0.0,0.0,0.0,0.0,0.0,0.0,0.0,0.0,0.0,0.0
BULGARIA,Land,7088.0,5801.0,6471.0,4230.0,4313.0,4046.0,3979.0,4274.0,4712.0,5111.0,5097.0,5127.0,5197.0,0.0,0.0,0.0,0.0,0.0,0.0,0.0,0.0,0.0,0.0,0.0,0.0,0.0,0.0,0.0
BURKINA FASO,Air,0.0,0.0,0.0,0.0,0.0,0.0,0.0,0.0,0.0,0.0,0.0,0.0,0.0,0.0,0.0,0.0,0.0,0.0,108.0,102.0,97.0,95.0,103.0,109.0,133.0,54.0,94.5,112.0
BURUNDI,Air,14.0,11.0,3.0,6.0,10.0,12.0,14.0,18.0,17.0,39.0,49.0,49.0,44.0,46.0,49.0,33.0,31.0,41.0,92.0,86.0,46.0,74.0,89.0,0.0,0.0,0.0,0.0,0.0
BURUNDI,Water,1.0,1.0,1.0,1.0,2.0,2.0,3.0,21.0,21.0,46.0,49.0,38.0,35.0,36.0,38.0,25.0,26.0,14.0,21.0,26.0,13.0,15.0,16.0,0.0,0.0,0.0,0.0,0.0
BURUNDI,Land,18.0,15.0,5.0,8.0,14.0,15.0,19.0,35.0,36.0,48.0,50.0,126.0,113.0,119.0,125.0,84.0,87.0,92.0,121.0,123.0,72.0,98.0,194.0,0.0,0.0,0.0,0.0,0.0
CABO VERDE,Air,28.0,37.0,45.0,52.0,67.0,83.0,115.0,0.0,0.0,0.0,0.0,0.0,0.0,0.0,0.0,0.0,0.0,0.0,0.0,0.0,0.0,0.0,0.0,0.0,0.0,0.0,0.0,0.0
CAMBODIA,Air,220.0,260.0,219.0,186.0,263.0,351.0,408.0,523.0,456.0,626.0,857.0,1027.0,1297.0,1239.0,1112.0,1304.0,1481.0,1722.0,2018.0,2273.5,2476.0,2704.4,3312.7,4096.9,4404.0,756.3,99.8,791.6
CAMBODIA,Water,0.0,0.0,0.0,0.0,0.0,0.0,0.0,0.0,0.0,25.0,32.0,40.0,44.0,72.0,78.0,78.0,81.0,76.0,75.0,97.0,148.0,153.4,145.4,144.2,156.8,51.5,0.2,17.9
CAMBODIA,Land,0.0,0.0,0.0,104.0,105.0,115.0,197.0,264.0,245.0,336.0,445.0,525.0,675.0,814.0,972.0,1126.0,1320.0,1786.0,2117.0,2132.0,2151.0,2153.9,2144.0,1960.0,2049.7,498.4,96.4,1467.2
CAMEROON,Air,0.0,0.0,0.0,0.0,0.0,0.0,0.0,0.0,0.0,0.0,0.0,199.0,217.0,224.0,218.0,267.0,279.0,351.0,269.0,244.0,308.2,400.7,463.8,474.7,489.1,258.3,440.8,238.1
CAMEROON,Water,0.0,0.0,0.0,0.0,0.0,0.0,0.0,0.0,0.0,0.0,0.0,13.0,12.0,19.0,27.0,8.0,11.0,32.0,21.0,24.0,26.7,30.0,28.1,16.5,19.4,13.0,20.1,12.3
CAMEROON,Land,0.0,0.0,0.0,0.0,0.0,0.0,0.0,0.0,0.0,0.0,0.0,240.0,248.0,244.0,253.0,298.0,314.0,434.0,493.0,554.0,562.5,563.7,589.3,505.8,512.9,344.8,502.3,288.9
CANADA,Air,5731.5,6318.6,6621.8,6941.3,7351.3,7634.3,7347.7,7192.6,6408.8,7497.4,7746.5,7785.2,7818.0,7651.5,6781.0,7162.5,7254.6,7418.4,7176.7,7728.4,8422.5,9802.4,10576.8,10372.1,10999.0,1663.7,1594.9,6669.1
CANADA,Water,301.5,280.1,355.3,380.1,358.8,483.7,530.3,530.9,625.6,713.9,706.4,753.9,833.2,844.7,812.6,806.5,764.3,725.3,722.1,717.5,706.4,795.5,847.9,959.5,1113.5,1.8,6.2,388.2
CANADA,Land,10935.099999999999,10730.000000000002,10691.699999999999,11548.5,11701.199999999999,11509.400000000001,11801.4,12333.5,10499.9,10933.6,10317.6,9726.3,9283.699999999999,8646.0,8143.599999999999,8250.4,7997.2,8200.4,8160.5,8091.1,8848.499999999998,9373.4,9458.500000000002,9802.3,10032.9,1294.5,1461.1,5766.8
CAYMAN ISLANDS,Air,361.0,373.0,381.0,404.0,395.0,354.0,334.0,303.0,294.0,260.0,168.0,267.0,292.0,303.0,272.0,288.0,309.0,322.0,345.0,383.0,385.0,385.0,418.4,463.0,503.0,121.8,17.3,284.3
CAYMAN ISLANDS,Water,683.0,800.0,867.0,871.0,1036.0,1031.0,1215.0,1575.0,1819.0,1693.0,1799.0,1930.0,1716.0,1553.0,1520.0,1598.0,1401.0,1507.0,1376.0,1610.0,1717.0,1712.0,1728.4,1921.0,1831.0,538.1,0.0,743.4
CENTRAL AFRICAN REPUBLIC,Air,26.0,21.0,17.0,7.5,10.0,11.2,9.9,2.9,5.7,8.2,12.0,13.7,17.1,30.6,52.4,53.8,65.4,70.8,84.0,96.0,121.0,82.0,107.0,109.0,87.0,35.0,0.0,0.0
CHAD,Air,0.0,0.0,0.0,27.0,31.0,38.0,79.0,80.0,54.0,48.0,21.0,42.0,74.0,58.0,67.0,62.0,74.0,84.0,97.0,119.0,120.0,98.0,87.0,77.0,79.0,11.0,40.0,0.0
CHAD,Land,0.0,0.0,0.0,14.0,15.0,16.0,39.0,40.0,27.0,21.0,9.0,4.0,3.0,3.0,3.0,9.0,3.0,2.0,0.0,0.0,0.0,0.0,0.0,0.0,0.0,0.0,0.0,0.0
CHILE,Air,552.0,571.0,655.0,683.0,640.0,662.0,649.0,606.0,708.0,760.0,855.0,912.0,1055.0,1086.0,1030.0,1052.0,1265.0,1445.0,1475.0,1534.96,1710.0,1985.0,2569.3,2364.3,2078.9,422.6,185.9,1135.3
CHILE,Water,8.0,6.0,13.0,17.0,20.0,26.0,34.0,28.0,37.0,67.0,75.0,95.0,104.0,0.0,0.0,0.0,0.0,0.0,0.0,0.0,0.0,0.0,0.0,0.0,0.0,0.0,0.0,0.0
CHILE,Land,980.0,872.0,975.0,1057.0,972.0,1054.0,1040.0,778.0,869.0,958.0,1097.0,1246.0,1348.0,1624.0,1730.0,1749.0,1872.0,2109.0,2101.0,2139.5,2768.0,3656.0,3880.6,3358.6,2439.1,696.5,4.1,895.1
CHINA,Air,4813.0,5325.0,5856.0,5559.0,6627.0,7745.0,8617.0,10343.0,8080.0,12617.0,14736.0,16500.0,18815.0,16813.0,16301.0,20014.0,20911.0,21421.0,20744.2,21086.2,21012.3,22675.6,23070.0,24448.1,25298.6,0.0,0.0,0.0
CHINA,Water,3997.0,4164.0,4578.0,3754.0,3814.0,3860.0,4115.0,4377.0,3787.0,4727.0,5212.0,5484.0,5920.0,5480.0,4672.0,5039.0,5082.0,4793.0,4643.6,4593.7,4540.4,4731.5,4612.4,4658.8,4228.6,0.0,0.0,0.0
CHINA,Land,37577.0,41637.0,47154.0,54164.0,62355.0,71839.0,76280.0,83188.0,79794.0,91694.0,100345.0,102958.0,107137.0,107734.0,105503.0,108709.0,109430.0,106191.0,103690.0,102818.3,108267.7,114366.5,125577.7,129499.5,133010.59999999998,0.0,0.0,0.0
COLOMBIA,Air,294.0,495.0,546.0,645.0,510.0,520.0,549.0,507.0,551.0,701.0,834.0,936.0,1055.0,1068.0,1192.0,1145.9,1384.5,1284.1,1394.0,1576.7,1852.7,2094.2,2310.6,2570.1,2671.1,758.2,1234.0,2901.7
COLOMBIA,Water,70.0,193.0,162.0,149.0,181.0,150.0,175.0,96.0,44.0,51.0,50.0,52.0,128.0,231.0,6.0,9.8,16.9,14.4,18.6,28.9,29.9,32.9,39.8,42.6,44.2,11.1,6.4,22.7
COLOMBIA,Land,1035.0,63.0,50.0,0.0,34.0,37.0,64.0,58.0,73.0,88.0,97.0,116.0,139.0,151.0,155.0,61.3,69.4,66.8,74.4,89.4,102.2,113.9,115.4,96.4,98.7,22.4,8.8,115.9
COMOROS,Air,23.0,24.0,26.0,27.0,24.0,24.0,19.4,18.9,14.4,17.6,19.6,17.1,15.2,14.8,11.3,15.3,18.8,22.8,21.9,22.8,23.6,26.8,28.0,35.9,45.1,7.0,28.8,0.0
CONGO,Air,0.0,0.0,0.0,0.0,0.0,0.0,0.0,0.0,0.0,0.0,0.0,0.0,0.0,0.0,0.0,113.0,115.0,136.0,150.0,151.0,163.2,132.5,97.4,95.7,0.0,0.0,0.0,0.0
CONGO,Water,0.0,0.0,0.0,0.0,0.0,0.0,0.0,0.0,0.0,0.0,0.0,0.0,0.0,0.0,0.0,86.0,109.0,123.0,195.0,78.0,61.1,80.3,53.2,62.4,0.0,0.0,0.0,0.0
"CONGO, DEMOCRATIC REPUBLIC OF THE",Air,20.0,0.0,0.0,0.0,0.0,0.0,26.0,28.0,35.0,36.0,39.0,41.0,47.0,50.0,53.0,81.0,160.0,156.0,180.0,0.0,187.4,186.2,0.0,0.0,0.0,0.0,0.0,0.0
"CONGO, DEMOCRATIC REPUBLIC OF THE",Water,15.0,0.0,0.0,0.0,0.0,0.0,28.0,0.0,0.0,0.0,0.0,0.0,0.0,0.0,0.0,0.0,0.0,1.0,3.0,0.0,0.0,0.0,0.0,0.0,0.0,0.0,0.0,0.0
"CONGO, DEMOCRATIC REPUBLIC OF THE",Land,0.0,0.0,0.0,0.0,0.0,0.0,0.0,0.0,0.0,0.0,22.0,14.0,0.0,0.0,0.0,0.0,26.0,10.0,8.0,0.0,166.3,165.1,0.0,0.0,0.0,0.0,0.0,0.0
COSTA RICA,Air,581.0,560.0,582.0,669.0,734.0,801.0,812.0,798.0,928.0,1088.0,1244.0,1232.0,1357.0,1424.0,1320.0,1418.0,1464.0,1552.0,1617.4,1721.0,1859.0,2114.9,2189.2,2314.9,2418.3,789.8,1270.5,2118.0
COSTA RICA,Water,6.0,6.0,7.0,7.0,10.0,23.0,11.0,6.0,12.0,10.0,9.0,6.0,5.0,4.0,2.0,5.0,7.0,10.0,8.4,9.5,8.0,10.4,10.3,8.9,11.6,4.6,2.4,4.1
COSTA RICA,Land,198.0,215.0,223.0,266.0,287.0,264.0,308.0,309.0,299.0,355.0,427.0,487.0,618.0,661.0,601.0,677.0,721.0,781.0,802.0,796.4,793.0,799.8,760.3,692.9,709.1,217.5,74.2,227.5
COTE D´IVOIRE,Air,188.0,237.0,260.0,0.0,0.0,0.0,0.0,0.0,0.0,0.0,0.0,0.0,0.0,205.0,231.0,252.0,270.0,289.0,380.0,471.0,537.0,632.2,719.6,752.3,790.0,284.1,576.0,742.0
COTE D´IVOIRE,Land,0.0,0.0,14.0,0.0,0.0,0.0,0.0,0.0,0.0,0.0,0.0,0.0,0.0,0.0,0.0,0.0,0.0,0.0,0.0,0.0,904.0,951.0999999999999,1080.7,1212.3999999999999,1280.1,384.0,0.0,1305.0
CROATIA,Air,419.0,522.0,577.0,631.0,580.0,740.0,813.0,887.0,1006.0,1202.0,1566.0,1825.0,2033.0,2055.0,1947.0,2136.0,2299.0,2505.0,2689.0,2879.0,3119.0,3566.0,4222.3,4699.1,5153.4,882.1,2123.5,4531.1
CROATIA,Water,78.0,109.0,164.0,178.0,122.0,183.0,244.0,306.0,384.0,921.0,984.0,1036.0,1200.0,1367.0,1405.0,1542.0,1638.0,1619.0,1602.0,1451.0,1439.0,1506.0,1353.7,1497.8,1590.4,21.8,290.0,969.9
CROATIA,Land,15603.0,18454.0,22919.0,24690.0,28513.0,36303.0,39072.0,40543.0,41467.0,42851.0,43212.0,44872.0,49038.0,47914.0,44221.0,45328.0,46032.0,43061.0,44054.0,46838.0,51300.0,52515.0,53662.200000000004,51471.5,53276.9,20703.800000000003,31709.1,44522.3
CUBA,Air,742.0,999.0,1153.0,1390.0,1561.0,1741.0,1736.0,1656.0,1847.0,2017.0,2261.0,2150.0,2119.0,2316.0,2405.0,2507.0,2688.0,2823.0,2839.0,2981.0,3506.0,3975.0,4594.0,4684.0,4263.0,1085.0,356.0,1613.0
CURAÇAO,Air,224.0,214.0,205.0,206.0,212.0,205.0,219.0,226.0,228.0,233.0,234.0,250.0,323.0,420.0,385.0,378.0,436.0,471.0,487.0,500.0,506.5,474.3,423.2,452.4,483.1,180.2,272.1,500.6
CURAÇAO,Water,172.0,173.0,217.0,231.0,221.0,308.0,300.0,319.0,279.0,219.0,276.0,322.0,341.0,353.0,423.0,383.0,401.0,436.0,584.0,629.0,565.8,469.5,634.4,757.3,809.9,256.2,146.2,533.6
CYPRUS,Air,2159.0,2002.0,2099.0,2245.0,2451.0,2703.0,2717.0,2431.0,2320.0,2357.0,2479.0,2408.0,2425.0,2410.0,2145.0,2179.0,2410.0,2471.0,2419.0,2453.0,2672.0,3201.0,3673.0,3962.0,4004.6,0.0,0.0,0.0
CYPRUS,Water,94.0,87.0,95.0,112.0,127.0,209.0,124.0,64.0,96.0,121.0,178.0,221.0,246.0,221.0,225.0,271.0,216.0,163.0,207.0,135.0,108.0,85.0,77.0,62.0,112.3,0.0,0.0,0.0
DJIBOUTI,Air,0.0,0.0,0.0,0.0,0.0,0.0,0.0,0.0,0.0,0.0,0.0,0.0,0.0,0.0,0.0,0.0,0.0,0.0,0.0,0.0,0.0,0.0,133.0,142.0,168.0,75.0,114.0,145.0
DOMINICA,Air,44.0,47.0,48.0,47.0,54.0,50.0,47.0,49.0,52.0,56.0,58.0,62.0,56.0,55.0,48.0,49.0,48.0,47.0,47.0,51.0,44.0,47.6,42.4,37.3,50.0,13.2,14.4,38.5
DOMINICA,Water,24.0,22.0,20.0,20.0,24.0,22.0,21.0,22.0,25.0,26.0,21.0,23.0,24.0,26.0,27.0,28.0,28.0,32.0,31.0,30.5,31.0,30.8,29.9,26.7,40.0,8.4,0.4,22.6
DOMINICAN REPUBLIC,Air,1776.0,1926.0,2211.0,2309.0,2649.0,2978.0,2882.0,2811.0,3282.0,3450.0,3691.0,3965.0,3980.0,3980.0,3992.0,4125.0,4306.0,4563.0,4690.0,5141.4,5600.0,5959.3,6188.0,6568.9,6446.0,2405.0,4994.3,7163.4
DOMINICAN REPUBLIC,Water,30.0,111.0,271.0,393.0,283.0,183.0,208.0,247.0,398.0,457.0,290.0,303.0,385.0,475.0,497.0,353.0,348.0,338.0,424.0,435.0,529.0,809.3,1108.0,982.0,1104.0,343.0,333.1,1325.4
ECUADOR,Air,281.0,307.0,348.0,353.0,343.0,383.0,422.0,432.0,450.0,496.0,540.0,557.0,639.0,714.0,699.0,750.0,783.0,848.3,959.0,1187.4,1176.7,1101.8,1138.2,1192.5,1220.5,394.6,651.3,1040.1
ECUADOR,Water,9.0,11.0,9.0,10.0,6.0,5.0,5.0,6.0,5.0,8.0,5.0,4.0,7.0,9.0,8.0,8.0,21.0,27.2,12.0,64.4,65.0,61.5,55.0,44.3,49.6,9.5,3.3,18.7
ECUADOR,Land,149.0,176.0,173.0,148.0,168.0,240.0,214.0,245.0,306.0,315.0,315.0,279.0,291.0,282.0,261.0,289.0,337.0,396.4,393.0,442.7,434.7,405.8,612.3,1298.3,837.6,103.2,14.8,206.1
EGYPT,Air,2075.5,2581.2,2744.57,2280.8,3541.5,4209.7,3790.2,4279.9,4840.9,6735.8,7209.5,7610.5,9435.7,10960.1,10773.4,12615.6,8158.8,9851.7,8237.4,9010.4,8521.0,4593.6,7300.3,9975.7,11316.6,3268.8,7342.3,10326.3
EGYPT,Water,90.7,204.8,173.9,144.1,148.3,173.2,159.8,151.4,156.5,178.2,234.5,223.2,268.2,286.8,242.5,277.5,185.4,234.7,232.9,125.6,100.2,92.8,91.4,100.0,100.4,13.9,32.6,73.5
EGYPT,Land,705.2,742.2,738.46,788.2,799.6,733.0,397.0,474.5,748.7,880.6,800.3,812.0,906.2,1048.6,897.7,1158.2,1152.7,1109.4,703.3,492.2,517.7,571.4,764.9,1120.2,1458.6,335.9,592.0,1225.2
EL SALVADOR,Air,154.0,164.0,206.0,189.0,230.0,234.0,224.0,253.0,262.0,449.0,499.0,483.0,527.0,490.0,430.0,426.0,470.0,541.0,589.0,591.3,599.0,615.8,642.5,727.4,772.9,293.0,813.0,1010.2
EL SALVADOR,Water,0.0,0.0,0.0,0.0,5.0,5.0,6.0,5.0,1.0,1.0,1.0,1.0,1.0,3.0,0.0,0.0,0.0,0.0,0.0,0.0,0.0,0.0,0.3,0.0,0.0,0.0,0.0,0.0
EL SALVADOR,Land,81.0,119.0,181.0,352.0,423.0,556.0,505.0,541.0,457.0,501.0,627.0,795.0,811.0,892.0,661.0,723.0,714.0,714.0,694.0,753.9,803.0,817.8,913.3,949.9,992.7,256.0,406.0,881.1
ERITREA,Air,56.0,58.0,62.0,35.0,26.0,34.0,59.0,51.0,49.0,51.0,45.0,35.0,38.0,38.0,35.0,40.0,42.0,79.0,48.0,45.0,32.0,84.0,0.0,0.0,0.0,0.0,0.0,0.0
ERITREA,Water,5.0,3.0,5.0,2.0,3.0,3.0,2.0,2.0,2.0,2.0,1.0,2.0,2.0,1.0,0.0,0.0,0.0,1.0,1.0,1.0,1.0,1.0,0.0,0.0,0.0,0.0,0.0,0.0
ERITREA,Land,254.0,356.0,343.0,151.0,28.0,33.0,52.0,48.0,29.0,34.0,37.0,41.0,41.0,31.0,44.0,44.0,65.0,49.0,92.0,73.0,81.0,57.0,0.0,0.0,0.0,0.0,0.0,0.0
ESTONIA,Air,105.0,130.0,135.0,150.0,0.0,149.0,152.0,161.0,185.0,0.0,0.0,0.0,0.0,0.0,0.0,0.0,0.0,0.0,0.0,0.0,0.0,0.0,0.0,0.0,0.0,0.0,0.0,0.0
ESTONIA,Water,1585.0,1735.0,1770.0,1900.0,0.0,2221.0,2143.0,2212.0,2193.0,0.0,0.0,0.0,0.0,0.0,0.0,0.0,0.0,0.0,0.0,0.0,0.0,0.0,0.0,0.0,0.0,0.0,0.0,0.0
ESTONIA,Land,420.0,579.0,713.0,859.0,0.0,940.0,935.0,880.0,999.0,0.0,0.0,0.0,0.0,0.0,0.0,0.0,0.0,0.0,0.0,0.0,0.0,0.0,0.0,0.0,0.0,0.0,0.0,0.0
ESWATINI,Air,23.0,22.0,20.0,21.0,17.0,20.0,13.0,14.0,17.0,0.0,22.0,22.0,27.0,27.0,26.0,25.0,22.0,23.0,22.0,16.2,20.0,20.4,20.1,19.5,19.0,11.4,11.6,37.2
ESWATINI,Land,276.0,1315.0,1615.0,965.0,1236.0,1131.0,1299.0,1357.0,1526.0,0.0,1160.0,1178.0,1203.0,1159.0,1318.0,1317.0,1306.0,1256.0,1277.0,1308.4,1236.0,1258.2,1322.5,1257.7,1206.5,334.0,199.1,465.4
ETHIOPIA,Air,103.0,109.0,115.0,91.0,92.0,109.0,116.0,131.0,160.0,173.0,193.0,290.0,312.0,330.0,371.0,403.0,450.0,513.0,661.0,748.6,839.0,845.4,906.1,833.5,767.8,256.6,474.5,853.8
ETHIOPIA,Land,0.0,0.0,24.0,21.0,23.0,27.0,32.0,25.0,20.0,11.0,34.0,40.0,46.0,53.0,56.0,65.0,73.0,83.0,20.0,21.8,25.0,25.2,27.3,15.6,43.8,14.0,43.7,42.8
FIJI,Air,313.0,396.0,424.0,365.0,404.0,287.0,342.0,390.0,422.0,0.0,537.0,538.0,527.0,570.0,528.0,613.0,654.0,642.0,0.0,0.0,0.0,0.0,0.0,0.0,0.0,0.0,0.0,0.0
FIJI,Water,23.0,23.0,17.0,6.0,6.0,7.0,6.0,8.0,8.0,0.0,8.0,11.0,13.0,15.0,14.0,19.0,21.0,19.0,0.0,0.0,0.0,0.0,0.0,0.0,0.0,0.0,0.0,0.0
FINLAND,Air,0.0,0.0,0.0,1222.0,1208.0,1427.0,1558.0,1603.0,1577.0,1640.0,1734.0,1999.0,2049.0,2265.0,2036.0,2214.0,2533.0,2434.0,0.0,0.0,0.0,0.0,0.0,0.0,0.0,0.0,0.0,0.0
FINLAND,Water,0.0,0.0,0.0,1247.0,1104.0,1218.0,1241.0,1362.0,1287.0,1449.0,1538.0,1593.0,1694.0,1637.0,1606.0,1580.0,1722.0,1865.0,0.0,0.0,0.0,0.0,0.0,0.0,0.0,0.0,0.0,0.0
FINLAND,Land,0.0,0.0,0.0,963.0,1051.0,1144.0,1453.0,1722.0,1663.0,1765.0,1766.0,1753.0,1993.0,2170.0,2053.0,2388.0,3005.0,3337.0,0.0,0.0,0.0,0.0,0.0,0.0,0.0,0.0,0.0,0.0
FRANCE,Air,0.0,9136.0,9670.0,0.0,0.0,0.0,11574.0,0.0,0.0,14882.0,16325.0,17825.0,20710.0,21895.0,19520.0,18593.6,21190.4,22233.1,23580.5,23670.0,26326.8,26350.3,27508.9,28880.3,29395.1,0.0,0.0,0.0
FRANCE,Water,0.0,4527.0,4990.0,0.0,0.0,0.0,4470.0,0.0,0.0,7558.0,7488.0,7793.0,7675.0,7309.0,6962.0,7055.8,6652.0,6094.5,6677.2,5256.0,5607.2,5094.3,5814.4,5774.6,5877.5,0.0,0.0,0.0
FRANCE,Land,0.0,48742.0,51931.0,0.0,0.0,0.0,59158.0,0.0,0.0,51993.0,51175.0,52298.0,52467.0,50014.0,50282.0,50997.5,52656.2,53652.100000000006,53376.0,54775.0,52517.5,51237.6,53434.9,54667.0,55641.399999999994,0.0,0.0,0.0
FRENCH GUIANA,Air,0.0,0.0,0.0,0.0,0.0,0.0,65.0,65.0,0.0,0.0,0.0,0.0,0.0,0.0,0.0,0.0,0.0,0.0,0.0,0.0,87.0,96.0,111.0,0.0,0.0,0.0,0.0,0.0
FRENCH POLYNESIA,Air,166.0,164.0,180.0,189.0,211.0,252.0,228.0,189.0,213.0,212.0,208.0,222.0,218.0,196.0,160.0,154.0,163.0,169.0,164.0,181.0,184.0,192.0,199.0,216.0,237.0,77.0,83.0,219.0
FRENCH POLYNESIA,Water,6.0,0.0,0.0,0.0,0.0,0.0,0.0,0.0,0.0,0.0,0.0,0.0,0.0,0.0,0.0,0.0,0.0,0.0,0.0,0.0,0.0,0.0,0.0,0.0,0.0,0.0,0.0,0.0
GABON,Air,125.0,145.0,167.0,195.0,178.0,155.0,169.0,208.0,222.0,0.0,0.0,0.0,0.0,0.0,0.0,0.0,0.0,0.0,0.0,0.0,0.0,0.0,0.0,0.0,0.0,0.0,0.0,0.0
GAMBIA,Air,45.0,77.0,85.0,91.0,96.0,79.0,57.0,81.0,89.0,90.0,108.0,125.0,143.0,147.0,142.0,91.0,106.0,157.0,171.0,156.0,135.0,161.1,162.1,209.1,235.8,89.2,102.4,182.8
GAMBIA,Water,0.0,0.0,0.0,0.0,0.0,0.0,0.0,0.0,0.0,7.0,5.0,3.0,0.0,0.0,0.0,0.0,0.0,0.0,0.0,0.0,17.0,15.0,11.9,10.5,13.2,8.9,11.7,12.8
GAMBIA,Land,0.0,0.0,0.0,0.0,0.0,0.0,0.0,0.0,0.0,362.0,347.0,486.0,345.0,496.0,0.0,0.0,0.0,0.0,0.0,0.0,297.0,273.6,347.6,332.4,370.5,148.0,217.6,374.4
GEORGIA,Air,15.0,27.0,200.0,72.0,200.0,72.0,58.0,67.0,73.0,96.0,131.0,179.0,161.0,192.0,199.0,245.0,342.5,431.0,584.6,639.9,737.7,998.8,1439.7,1788.4,1829.3,269.2,877.2,1536.3
GEORGIA,Water,0.0,0.0,0.0,0.0,0.0,52.0,34.0,40.0,45.0,34.0,0.0,50.0,41.0,48.0,54.0,57.0,47.3,42.4,41.7,40.5,36.0,36.1,31.7,32.5,40.5,13.3,6.9,18.0
GEORGIA,Land,70.0,90.0,113.0,245.0,184.0,263.0,210.0,191.0,195.0,237.0,429.0,754.0,849.0,1050.0,1247.0,1730.0,2321.9,3632.5,4328.099999999999,4324.0,4482.3,4358.0,5011.4,5382.5,5855.9,1230.8999999999999,837.3,3149.5
GERMANY,Air,0.0,0.0,0.0,0.0,0.0,0.0,0.0,0.0,0.0,0.0,0.0,0.0,0.0,0.0,0.0,70924.0,75672.0,77771.0,79298.0,82072.0,85658.0,88747.0,94671.0,99763.0,102244.0,26432.0,34307.0,73226.0
GERMANY,Water,0.0,0.0,0.0,0.0,0.0,0.0,0.0,0.0,0.0,0.0,0.0,0.0,0.0,0.0,0.0,0.0,0.0,0.0,0.0,6151.0,6266.0,6420.0,6635.0,6422.0,6684.0,2412.0,3110.0,6028.0
GREECE,Air,8479.0,7684.0,8148.0,8646.0,9962.0,10454.0,10841.0,10438.0,10417.0,9974.0,10915.0,11509.0,11920.0,11692.0,10748.0,10637.0,11671.0,10993.0,12302.4,14057.0,14981.0,16330.7,17947.0,20385.7,20709.4,5550.4,11630.4,21113.8
GREECE,Water,1422.0,1127.0,1084.0,1282.0,1239.0,1308.0,1430.0,1535.0,1445.0,1510.0,1932.0,2255.0,1081.0,1080.0,1008.0,1031.0,948.0,790.0,807.0,701.0,632.0,860.8,973.3,934.9,1043.7,268.6,435.4,569.5
GREECE,Land,811.0,971.0,1357.0,1436.0,1405.0,1805.0,2408.0,2945.0,2923.0,2784.0,3090.0,3520.0,3163.0,3167.0,3159.0,3339.0,3808.0,3734.0,4810.2,7275.0,7986.0,7607.9,8273.9,8802.2,9595.3,1555.3999999999999,2639.0,6152.2
GRENADA,Air,95.0,94.0,98.0,104.0,115.0,118.0,112.0,121.0,134.0,128.0,94.0,114.0,125.0,125.0,109.0,105.0,114.0,105.0,106.0,125.0,133.0,135.4,146.4,161.0,163.0,43.8,42.1,133.2
GRENADA,Water,13.0,14.0,13.0,12.0,11.0,10.0,11.0,11.0,8.0,6.0,5.0,5.0,5.0,5.0,4.0,5.0,19.0,20.0,22.0,25.0,22.0,20.2,22.0,25.0,25.0,10.4,4.7,15.8
GUADELOUPE,Air,0.0,625.0,660.0,580.0,561.0,603.0,521.0,0.0,439.0,456.0,372.0,393.0,408.0,412.0,347.0,392.0,317.0,325.0,487.0,486.0,512.0,581.0,650.0,735.0,0.0,0.0,0.0,0.0
GUADELOUPE,Water,0.0,611.0,470.0,334.0,293.0,392.0,238.0,148.0,130.0,104.0,73.0,72.0,91.0,115.0,111.0,105.0,102.0,162.0,158.0,234.0,310.0,276.0,320.0,431.0,0.0,0.0,0.0,0.0
GUAM,Air,1350.0,1362.0,1373.0,1129.0,1156.0,1279.0,1124.0,1031.0,857.0,1121.0,1185.0,1184.0,1181.0,1093.0,1044.0,1188.0,1150.0,1298.6,1328.7,1331.0,1400.0,1517.4,1522.4,1532.4,1655.7,326.6,78.4,327.6
GUAM,Water,11.0,10.0,8.0,8.0,6.0,8.0,35.0,28.0,52.0,39.0,43.0,28.0,44.0,49.0,8.0,9.0,10.0,9.0,5.7,12.0,9.0,18.1,23.0,16.6,11.0,1.6,1.0,0.8
GUATEMALA,Air,299.0,269.0,303.0,331.0,358.0,366.0,408.0,403.0,402.0,434.0,480.0,497.0,558.0,556.0,494.4,520.9,508.2,536.7,552.5,598.0,640.3,681.6,737.9,783.3,806.2,205.4,358.7,747.4
GUATEMALA,Water,22.0,19.0,42.0,47.0,27.0,10.0,11.0,15.0,26.0,34.0,31.0,63.0,52.0,71.0,91.6,83.4,83.4,83.0,83.0,81.6,87.0,112.6,129.0,150.4,130.8,42.0,3.9,26.0
GUATEMALA,Land,242.0,232.0,232.0,258.0,438.0,450.0,417.0,466.0,452.0,714.0,805.0,942.0,1017.0,1088.0,724.8,779.4,842.7,870.9,880.4,1059.2,1137.9,1112.0,1246.2,1472.2,1622.6,346.6,303.4,1071.3
GUINEA,Air,0.0,12.0,17.0,23.0,27.0,33.0,36.4,40.6,44.0,42.0,45.0,46.1,30.0,23.7,0.0,12.4,131.0,96.0,56.0,33.0,35.0,63.0,99.0,0.0,0.0,0.0,0.0,0.0
GUINEA,Water,0.0,0.0,0.0,0.0,0.0,0.0,0.5,0.3,0.0,0.1,0.0,0.5,0.0,0.0,0.0,0.0,0.0,0.0,0.0,0.0,0.0,0.0,0.0,0.0,0.0,0.0,0.0,0.0
GUINEA,Land,0.0,0.0,0.0,0.0,0.0,0.0,0.8,1.6,0.0,2.5,0.0,0.0,0.0,0.0,0.0,0.0,0.0,0.0,0.0,0.0,0.0,0.0,0.0,0.0,0.0,0.0,0.0,0.0
GUINEA-BISSAU,Air,0.0,0.0,0.0,0.0,0.0,0.0,7.8,0.0,0.0,0.0,5.0,11.6,15.6,18.0,16.0,22.3,36.7,35.4,35.5,36.1,43.8,45.2,49.5,55.0,52.4,0.0,0.0,0.0
GUYANA,Air,88.0,81.0,68.0,0.0,0.0,0.0,0.0,104.0,101.0,122.0,117.0,113.0,134.0,130.0,141.0,152.0,157.0,177.0,0.0,0.0,173.4,201.2,216.3,255.1,286.7,77.3,154.0,269.1
GUYANA,Water,18.0,11.0,7.0,0.0,0.0,0.0,0.0,0.0,0.0,0.0,0.0,0.0,0.0,0.0,0.0,0.0,0.0,0.0,0.0,0.0,23.6,23.7,21.5,22.5,18.6,6.8,3.2,12.9
GUYANA,Land,0.0,0.0,0.0,0.0,0.0,0.0,0.0,0.0,0.0,0.0,0.0,0.0,0.0,0.0,0.0,0.0,0.0,0.0,0.0,0.0,9.8,10.5,9.5,9.1,9.4,2.4,1.1,6.4
HAITI,Air,145.0,150.0,149.0,147.0,143.0,140.0,142.0,140.0,136.0,96.0,112.0,108.0,386.0,258.0,387.0,255.0,349.0,349.2,420.0,465.2,516.0,445.0,467.0,447.4,286.0,203.0,148.0,0.0
HAITI,Water,0.0,0.0,0.0,0.0,0.0,305.0,357.0,342.0,382.0,289.0,368.0,450.0,482.0,500.0,439.0,538.0,597.0,610.0,644.0,662.4,674.0,708.0,795.0,885.2,652.0,119.0,0.0,0.0
HONDURAS,Air,205.0,201.0,189.0,206.0,227.0,237.0,230.0,210.0,248.0,259.0,301.0,352.0,383.0,398.0,391.0,401.0,426.0,378.3,394.0,413.0,427.4,457.0,572.0,604.3,459.8,128.8,327.7,478.1
HONDURAS,Water,4.0,3.0,7.0,5.0,5.0,13.0,17.0,20.0,19.0,20.0,23.0,26.0,0.0,0.0,0.0,0.0,0.0,0.0,0.0,0.0,0.0,0.0,0.0,0.0,0.0,0.0,0.0,0.0
HONDURAS,Land,61.0,59.0,110.0,110.0,139.0,221.0,271.0,320.0,344.0,362.0,348.0,361.0,421.0,470.0,445.0,462.0,445.0,516.4,469.0,455.0,452.9,381.0,278.2,242.5,264.4,75.5,131.4,366.3
"HONG KONG, CHINA",Air,6823.0,7532.0,6342.0,5571.0,6062.0,6709.0,6530.0,6891.0,4981.0,7015.0,7803.0,8625.0,9223.0,9114.0,8624.0,10187.0,11026.0,11559.0,12332.0,12849.0,13172.8,13398.5,13704.6,14386.7,11869.8,853.1,21.7,501.4
"HONG KONG, CHINA",Water,1055.0,2882.0,2363.0,1957.0,1999.0,2096.0,2149.0,2509.0,2206.0,2827.0,2788.0,3076.0,3793.0,3975.0,3343.0,3981.0,4469.0,4694.0,5056.0,5181.0,4756.5,4688.1,4830.6,4825.7,2918.0,169.49,9.3,6.4
"HONG KONG, CHINA",Land,2322.0,2560.0,2568.0,2632.0,3267.0,4254.0,5046.0,7166.0,8350.0,11969.0,12768.0,13550.0,15153.0,16418.0,17624.0,21863.0,26426.0,32362.0,36911.0,42809.0,41378.3,38568.3,39936.9,45935.2,41124.8,2546.3,60.4,96.8
HUNGARY,Air,892.0,1183.0,1349.0,1496.0,1823.0,1735.0,1391.0,1302.0,1730.0,2282.0,2084.0,2110.0,2230.0,2923.0,3258.0,3205.0,3531.0,3305.0,3518.0,3724.0,4408.0,4936.8,5441.0,6113.4,7029.1,1840.7,2163.4,4438.3
HUNGARY,Water,70.0,78.0,83.0,97.0,89.0,138.0,153.0,168.0,256.0,256.0,290.0,249.0,294.0,0.0,0.0,0.0,0.0,0.0,0.0,0.0,0.0,0.0,0.0,0.0,0.0,0.0,0.0,0.0
HUNGARY,Land,38278.0,38572.0,35882.0,32031.0,26891.0,29269.0,29136.0,30270.0,34097.0,34097.0,36181.0,38604.0,39942.0,36631.0,37366.0,36700.0,37773.0,40260.0,40093.0,42260.0,43937.0,47953.3,49521.0,51553.5,54368.1,29800.0,34524.1,41905.0
ICELAND,Air,185.0,195.0,195.0,225.0,255.0,296.0,296.0,278.0,309.0,349.0,363.0,409.0,470.0,488.0,480.0,473.0,553.0,660.0,791.0,979.0,1271.0,1772.4,2201.7,2323.1,1994.3,479.9,687.9,0.0
ICELAND,Water,26.0,28.0,28.0,30.0,26.0,32.0,33.0,37.0,39.0,56.0,66.0,68.0,69.0,73.0,83.0,85.0,75.0,105.0,109.0,123.0,118.0,118.5,151.0,165.3,207.5,7.8,29.0,0.0
INDIA,Air,1833.0,1996.0,2048.0,2041.0,2089.0,2214.0,2210.0,1953.0,2265.0,2960.0,3390.0,3873.0,4542.0,4707.0,4642.0,5302.0,5804.0,6032.0,6341.0,6611.7,6787.0,7406.2,7992.5,8405.9,8462.5,2173.9,1336.0,0.0
INDIA,Water,1.0,2.0,1.0,1.0,0.0,0.0,23.0,14.0,14.0,17.0,16.0,27.0,31.0,37.0,53.0,40.0,50.0,46.0,35.0,30.7,54.0,74.7,68.2,81.8,101.1,41.2,10.8,0.0
INDIA,Land,290.0,290.0,325.0,317.0,393.0,427.0,304.0,417.0,447.0,480.0,513.0,547.0,509.0,539.0,473.0,434.0,454.0,500.0,592.0,1036.6,1186.0,1323.5,1975.0,2070.3,2366.7,529.7,180.3,0.0
INDONESIA,Air,2700.0,3210.0,3138.0,2346.0,2449.0,2760.0,2766.0,2745.0,2178.0,2790.0,2889.0,2822.0,3304.0,4091.0,4396.0,4998.0,5446.0,5755.0,6429.0,6977.5,7331.0,8555.6,9670.7,10088.8,9834.7,1713.6,137.2,3296.0
INDONESIA,Water,1598.0,1796.0,2024.0,2223.0,2256.0,2271.0,2355.0,2256.0,2262.0,2509.0,2082.0,2019.0,2163.0,2095.0,1874.0,1955.0,2148.0,2241.0,2325.0,2398.5,2744.5,2628.0,2783.0,2753.2,4160.6,1024.6,415.5,1726.8
INDONESIA,Land,26.0,28.0,23.0,38.0,23.0,33.0,33.0,32.0,27.0,22.0,31.0,30.0,39.0,48.0,54.0,50.0,56.0,48.0,48.0,59.4,331.3,335.7,1586.0,2968.3,2111.6,1314.8,1004.8,866.2
"IRAN, ISLAMIC REPUBLIC OF",Air,151.0,169.0,321.0,413.0,236.0,257.0,395.0,429.0,0.0,545.0,0.0,0.0,0.0,730.0,635.0,636.0,637.0,862.0,1253.0,1518.0,1664.0,1615.9,1629.1,1441.7,1573.0,194.6,344.7,1224.4
"IRAN, ISLAMIC REPUBLIC OF",Water,10.0,6.0,5.0,20.0,10.0,9.0,15.0,11.0,0.0,33.0,0.0,0.0,0.0,22.0,15.0,19.0,27.0,19.0,28.0,29.0,26.0,27.8,28.2,21.4,22.0,0.5,0.4,22.3
"IRAN, ISLAMIC REPUBLIC OF",Land,291.0,398.0,438.0,574.0,1075.0,1075.0,992.0,1144.0,0.0,1080.0,0.0,0.0,0.0,1282.0,1466.0,2283.0,2689.0,2952.0,3488.0,3420.0,3547.0,3298.2999999999997,3209.7,5831.7,7512.3,1354.5,644.3,2861.6
IRELAND,Air,2666.0,3043.0,3305.0,3708.0,4101.0,4450.0,4322.0,4439.0,4819.0,4980.0,5546.0,6304.0,6578.0,6468.0,5703.0,4845.0,5339.0,5314.0,5626.0,6010.0,6931.0,7622.0,7924.0,8477.0,8659.0,0.0,0.0,0.0
IRELAND,Water,1354.0,1451.0,1502.0,1660.0,1605.0,1545.0,1343.0,1302.0,1236.0,1213.0,1082.0,964.0,1006.0,892.0,787.0,855.0,791.0,730.0,781.0,814.0,816.0,803.0,798.0,796.0,694.0,0.0,0.0,0.0
IRELAND,Land,798.0,795.0,780.0,696.0,697.0,650.0,688.0,735.0,710.0,761.0,705.0,733.0,748.0,665.0,700.0,1434.0,1500.0,1506.0,1853.0,1989.0,1781.0,1675.0,1616.0,1653.0,1598.0,0.0,0.0,0.0
ISRAEL,Air,1678.0,1612.0,1561.0,1553.0,1827.0,1955.0,1060.0,778.0,972.0,1339.0,1653.0,1568.0,1747.0,2114.0,1963.0,2313.0,2438.0,2482.0,2580.2,2528.0,2509.0,2623.0,3205.0,3634.4,3968.2,739.8,380.8,2450.0
ISRAEL,Water,22.0,17.0,19.0,16.0,18.0,16.0,6.0,3.0,4.0,5.0,5.0,2.0,1.0,0.5,0.0,0.0,0.0,0.0,0.0,0.0,0.0,0.0,0.0,0.0,0.0,0.0,0.0,0.0
ISRAEL,Land,515.0,471.0,430.0,373.0,468.0,446.0,130.0,80.0,88.0,162.0,245.0,255.0,319.0,458.0,358.0,490.0,382.0,404.0,381.4,399.0,290.0,277.0,408.0,486.4,583.4,91.6,15.8,225.0
ITALY,Air,8500.0,8558.4,8984.0,9200.0,9507.0,10773.0,10926.0,11567.0,12062.0,16927.0,18592.0,21520.0,23226.0,21368.0,19930.0,21092.0,23079.0,23276.0,24882.7,25736.7,28114.0,30483.8,34116.5,37229.5,39396.2,9976.4,11543.9,31761.6
ITALY,Water,2029.0,2164.8,2497.0,2338.0,2403.0,2952.0,2729.0,2913.0,2932.0,2022.0,2126.0,1901.0,1650.0,2118.0,2365.0,2552.0,2062.0,1820.0,1561.9,1511.0,1609.0,1701.5,1633.7,1701.0,1727.9,627.9,1026.5,1355.1
ITALY,Land,45177.0,49082.1,46518.0,46962.0,47612.0,48977.0,47304.0,49081.0,48031.0,39531.0,38512.0,42932.0,45394.0,47232.0,49397.0,49581.0,50725.0,51198.0,50317.700000000004,50446.399999999994,51344.7,52739.2,54181.200000000004,54298.2,54274.7,27814.5,27615.3,41199.9
JAMAICA,Air,1147.0,1162.0,1192.0,1225.0,1248.0,1323.0,1277.0,1266.0,1350.0,1415.0,1479.0,1679.0,1701.0,1767.0,1831.0,1922.0,1952.0,1986.0,2008.45,2080.0,2123.0,2181.7,2353.0,2473.0,2681.0,880.4,1464.0,2478.4
JAMAICA,Water,605.0,658.0,712.0,674.0,764.0,908.0,840.0,865.0,1133.0,1100.0,1136.0,1337.0,1180.0,1092.0,922.0,910.0,1125.0,1320.0,1265.0,1424.0,1569.0,1655.6,1923.0,1846.0,1553.0,449.3,71.0,852.3
JAPAN,Air,3652.0,4143.0,4530.0,4464.0,4717.0,5072.0,5061.0,5496.0,5428.0,6399.0,7022.0,7607.0,8486.0,8448.0,7147.0,8741.0,6681.0,8567.0,10635.0,13511.0,19117.4,22618.0,26687.0,29323.0,30644.3,4278.2,353.0,4195.9
JAPAN,Water,80.0,102.0,140.0,93.0,185.0,200.0,225.0,276.0,299.0,357.0,428.0,501.0,666.0,698.0,435.0,703.0,454.0,605.0,620.0,639.0,570.9,601.0,741.8,779.0,542.9,29.1,0.0,2.2
JORDAN,Air,315.0,319.0,316.0,716.0,760.0,782.0,818.0,948.0,1028.0,1407.0,1449.0,1885.0,1705.0,1735.0,1883.0,2186.0,2270.0,2604.0,2686.0,2910.0,2095.3,1904.5,2033.0,2221.1,2436.9,573.4,1207.4,2173.9
JORDAN,Water,555.0,531.0,394.0,337.0,235.0,211.0,298.0,221.0,288.0,370.0,356.0,425.0,586.0,607.0,507.0,511.0,366.0,408.0,330.0,269.0,191.8,161.2,152.8,166.5,190.2,36.9,54.6,110.0
JORDAN,Land,2407.0,2314.0,2358.0,3594.0,3584.0,3083.0,3424.0,5574.0,5340.0,6222.0,6573.0,6683.0,6179.0,6889.0,6870.0,8439.0,6077.0,5053.0,3963.0,3762.0,2522.1,2170.3,2379.3,2534.5,2733.5,629.5,1096.8,2765.2
KAZAKHSTAN,Air,0.0,0.0,0.0,0.0,0.0,0.0,0.0,0.0,767.0,274.0,298.0,504.0,584.0,568.0,521.0,565.0,785.0,850.0,944.0,874.0,0.0,0.0,0.0,0.0,0.0,0.0,0.0,0.0
KAZAKHSTAN,Water,0.0,0.0,0.0,0.0,0.0,0.0,0.0,0.0,0.0,30.0,12.0,14.0,15.0,4.0,4.0,4.0,6.0,6.0,7.0,6.0,0.0,0.0,0.0,0.0,0.0,0.0,0.0,0.0
KAZAKHSTAN,Land,0.0,0.0,0.0,0.0,0.0,0.0,0.0,0.0,2470.0,3987.0,4055.0,4189.0,4711.0,3545.0,3249.0,3528.0,4894.0,5307.0,5890.0,5453.0,0.0,0.0,0.0,0.0,0.0,0.0,0.0,0.0
KENYA,Air,614.0,633.0,631.0,564.0,611.0,654.0,627.0,539.0,547.0,764.0,842.0,964.0,1118.0,764.0,962.0,1120.0,1301.0,1292.0,1132.8,887.6,771.0,920.3,996.4,1490.1,1581.7,428.6,699.2,0.0
KENYA,Water,2.0,2.0,2.0,2.0,2.0,2.0,2.0,6.0,1.0,4.0,5.0,12.0,16.0,10.0,28.0,28.0,35.0,6.0,6.0,23.3,7.0,6.3,6.2,0.7,0.8,1.5,0.9,0.0
KENYA,Land,357.0,368.0,367.0,328.0,356.0,381.0,365.0,456.0,598.0,592.0,632.0,625.0,683.0,429.0,500.0,461.0,487.0,413.0,380.7,439.4,403.0,413.2,446.2,534.4,466.3,137.7,170.3,0.0
KIRIBATI,Air,3.9,4.2,5.1,5.7,5.1,4.8,4.6,4.9,4.9,3.4,4.1,4.4,4.7,3.9,3.9,4.7,5.3,4.9,5.9,5.0,3.9,5.7,5.8,7.1,7.9,1.4,0.034,0.0
KIRIBATI,Water,0.0,0.0,0.0,0.0,15.2,8.6,9.9,114.6,125.2,60.5,46.1,6.4,27.6,0.0,0.0,0.0,0.0,0.0,0.0,3.3,4.3,1.9,1.7,1.9,4.1,0.0,0.033,0.0
"KOREA, REPUBLIC OF",Air,2721.0,2656.0,2848.0,3275.0,3646.0,4045.0,3948.0,4067.0,3536.0,4529.0,4776.0,5116.0,5448.0,5822.0,6725.0,7518.0,8375.0,9759.0,9892.0,11557.4,10732.5,13714.9,11781.9,13955.8,15739.8,2240.5,674.0,2878.8
"KOREA, REPUBLIC OF",Water,201.0,223.0,239.0,228.0,271.0,324.0,327.0,326.0,314.0,400.0,404.0,1039.0,1001.0,1069.0,1093.0,1279.0,1420.0,1381.0,2284.0,2644.1,2499.2,3526.9,1553.9,1391.1,1763.0,278.6,293.0,319.2
KUWAIT,Air,807.0,859.0,878.0,903.0,961.0,929.0,994.0,1139.0,1272.0,1525.0,1657.0,1857.0,2126.0,2248.0,2425.0,2512.0,2571.0,2670.0,2914.0,3114.4,3390.0,3604.4,3942.0,4314.0,4277.2,1027.3,890.3,0.0
KUWAIT,Water,37.0,34.0,28.0,41.0,57.0,62.0,57.0,56.0,52.0,48.0,41.0,39.0,31.0,33.0,35.0,27.0,24.0,21.0,30.0,28.2,22.0,30.5,39.0,41.0,38.2,3.1,1.3,0.0
KUWAIT,Land,607.0,672.0,731.0,819.0,866.0,953.0,1021.0,1120.0,1278.0,1482.0,1776.0,2003.0,2325.0,2454.0,2628.0,2669.0,2979.0,3038.0,3273.0,3384.9,3529.0,3419.9,3426.0,4153.0,4249.6,1130.5,714.0,0.0
KYRGYZSTAN,Air,0.0,0.0,0.0,44.0,24.0,14.0,46.0,40.0,0.0,0.0,0.0,56.0,91.0,110.0,95.0,131.0,238.0,272.0,370.0,388.0,386.0,308.0,408.0,408.0,219.2,67.9,144.0,331.4
KYRGYZSTAN,Land,0.0,0.0,0.0,246.0,141.0,158.0,152.0,143.0,0.0,0.0,0.0,129.0,152.0,195.0,188.0,129.0,99.0,76.0,44.0,25.0,16.0,13.0,13.0,15.0,15.5,1.3,0.4,14.3
LAO PEOPLE´S DEMOCRATIC REPUBLIC,Air,35.0,47.0,51.0,65.0,66.0,92.0,95.0,147.0,159.0,242.0,438.0,389.0,650.0,556.0,582.0,1030.0,1329.0,340.0,421.0,500.0,520.0,578.9,520.2,613.0,1906.8,175.2,0.0,0.0
LAO PEOPLE´S DEMOCRATIC REPUBLIC,Land,311.0,356.0,412.0,435.0,548.0,645.0,579.0,589.0,477.0,653.0,657.0,826.0,974.0,1181.0,1426.0,1483.0,1395.0,2990.0,3358.0,3659.0,4164.0,3660.1,3348.7,3573.4,2884.2,711.2,0.0,0.0
LATVIA,Air,107.0,112.0,127.0,142.0,140.0,140.0,156.0,155.0,188.0,299.0,494.0,641.0,857.0,982.0,1277.0,1539.0,1698.0,1597.0,1628.0,1652.0,1789.0,1586.6,2094.7,2087.7,2677.2,653.1,838.5,0.0
LATVIA,Water,126.0,102.0,130.0,147.0,121.0,126.0,124.0,174.0,188.0,208.0,210.0,231.0,318.0,328.0,319.0,344.0,399.0,429.0,433.0,418.0,347.0,317.2,517.5,924.5,549.1,163.4,0.0,0.0
LATVIA,Land,1400.0,1536.0,1585.0,1499.0,1477.0,1616.0,1781.0,1968.0,2148.0,2620.0,3086.0,3777.0,4034.0,4186.0,3130.0,3159.0,3441.0,3543.0,3761.0,4176.0,4706.0,4893.099999999999,5113.599999999999,4763.0,5116.0,2387.1,1098.3,0.0
LEBANON,Air,0.0,0.0,381.0,418.0,448.0,481.0,515.0,582.0,0.0,0.0,0.0,673.0,663.0,900.0,1261.0,1406.0,1368.0,1287.0,1203.0,1282.3,1422.0,1564.1,1715.9,1801.8,1737.9,378.3,809.8,1288.4
LEBANON,Water,0.0,0.0,2.0,3.0,2.0,1.0,1.0,1.0,0.0,0.0,0.0,387.0,75.0,11.0,12.0,18.0,26.0,56.0,7.0,7.1,19.0,16.0,12.9,12.7,11.0,4.4,7.3,9.8
LEBANON,Land,0.0,0.0,174.0,182.0,223.0,260.0,321.0,374.0,0.0,0.0,0.0,21.0,352.0,431.0,588.0,759.0,284.0,72.0,64.0,65.3,77.0,108.3,128.0,149.4,187.4,31.5,72.9,167.8
LESOTHO,Air,8.0,12.0,7.0,9.0,9.0,9.0,9.0,9.0,11.0,10.0,11.0,13.0,15.0,15.0,14.0,13.0,12.0,11.0,14.0,0.0,12.4,13.7,12.1,19.2,15.4,0.0,2.1,0.0
LESOTHO,Land,201.0,300.0,306.0,280.0,299.0,293.0,286.0,279.0,318.0,294.0,293.0,344.0,285.0,278.0,330.0,413.0,386.0,412.0,419.0,1079.0,1070.0,1182.6,1125.1,1153.4,1126.9,0.0,276.5,0.0
LIBYA,Air,0.0,0.0,0.0,0.0,0.0,0.0,343.0,309.0,342.0,0.0,0.0,0.0,0.0,0.0,0.0,0.0,0.0,0.0,0.0,0.0,0.0,0.0,0.0,0.0,0.0,0.0,0.0,0.0
LIBYA,Water,0.0,51.0,36.0,34.0,39.0,38.0,20.0,18.0,19.0,0.0,0.0,0.0,0.0,0.0,0.0,0.0,0.0,0.0,0.0,0.0,0.0,0.0,0.0,0.0,0.0,0.0,0.0,0.0
LIBYA,Land,0.0,1225.0,877.0,816.0,926.0,925.0,590.0,531.0,591.0,0.0,0.0,0.0,0.0,0.0,0.0,0.0,0.0,0.0,0.0,0.0,0.0,0.0,0.0,0.0,0.0,0.0,0.0,0.0
LITHUANIA,Air,0.0,106.0,132.0,132.0,138.0,149.0,148.0,161.0,185.0,199.0,320.0,400.0,517.0,579.0,422.0,510.0,605.0,655.0,704.0,736.0,785.0,908.0,1044.1,1233.9,1325.7,345.9,436.8,1023.0
LITHUANIA,Water,0.0,65.0,64.0,40.0,56.0,58.0,40.0,38.0,55.0,66.0,95.0,170.0,41.0,39.0,38.0,49.0,26.0,33.0,31.0,29.0,31.0,34.0,39.7,48.9,26.9,57.1,18.4,26.9
LITHUANIA,Land,0.0,661.0,816.0,1244.0,1228.0,876.0,1082.0,1229.0,1251.0,1536.0,1585.0,1610.0,928.0,993.0,881.0,948.0,1144.0,1212.0,1277.0,1297.0,1256.0,1354.0,1439.6000000000001,1542.1,1521.9,533.6999999999999,492.50000000000006,1118.8
"MACAO, CHINA",Air,32.67,408.995,537.209,512.18,672.89,834.203,861.795,905.387,654.603,861.783,1040.101,1236.178,1473.754,1665.227,1619.099,1634.062,1681.68,1767.771,1949.73,2055.199,2089.774,2413.317,2744.635,3295.8,3847.376,436.936,501.387,241.186
"MACAO, CHINA",Water,5989.222,6041.204,4838.576,4687.055,4436.328,5190.517,5267.734,5700.711,5174.587,6304.563,6719.895,7655.855,8980.381,9173.206,8684.809,10244.087,11020.999,11484.84,11557.593,12080.543,11413.908,10777.447,11236.083,10355.396,6267.619,426.298,200.821,166.045
"MACAO, CHINA",Land,1730.603,1700.856,1624.585,1749.3,2334.706,3137.492,4149.444,4924.743,6058.686,9506.21,10951.191,13106.089,16549.235,12094.752,11448.843,13087.262,15299.6,14829.681,15817.499,17389.89,17210.946,17759.572,18629.788,22152.467,29291.186,5033.614,7003.735,5293.108
MADAGASCAR,Air,75.0,83.0,101.0,121.0,138.0,160.0,170.0,62.0,139.0,229.0,277.0,312.0,344.0,375.0,163.0,196.0,225.0,256.0,196.0,222.0,244.0,293.0,255.0,291.0,384.0,68.3,7.8,0.0
MADAGASCAR,Water,0.0,0.0,0.0,0.0,0.0,0.0,0.0,0.0,0.0,0.0,0.0,0.0,0.0,0.0,0.0,0.0,0.0,0.0,0.0,0.0,38.0,40.0,30.0,69.0,102.0,18.8,0.0,0.0
MALAWI,Air,54.0,59.0,70.0,75.0,86.0,74.0,84.0,94.0,114.0,114.0,106.0,201.0,232.0,227.0,251.0,224.0,227.0,198.5,219.8,230.4,220.6,233.2,129.2,134.4,347.3,38.6,136.1,0.0
MALAWI,Water,0.0,0.0,0.0,0.0,0.0,0.0,0.0,0.0,0.0,3.0,7.0,5.0,9.0,15.0,21.0,4.0,4.0,3.1,9.1,4.7,2.0,2.3,1.2,1.3,1.0,0.8,0.4,0.0
MALAWI,Land,138.0,134.0,137.0,145.0,168.0,154.0,182.0,289.0,310.0,310.0,325.0,432.0,494.0,500.0,483.0,518.0,536.0,568.8,566.1999999999999,584.0,582.3000000000001,613.8,706.9,735.5,630.0,159.5,295.5,0.0
MALAYSIA,Air,1830.0,1680.0,1906.0,1559.0,1933.0,3265.0,2827.0,2434.0,1810.0,1988.0,2846.0,3348.0,4032.0,4883.0,0.0,0.0,0.0,0.0,7095.7,7789.0,7450.4,6192.0,6606.3,8965.4,9613.9,1648.0,69.3,0.0
MALAYSIA,Water,207.0,224.0,201.0,427.0,762.0,371.0,420.0,245.0,265.0,330.0,449.0,523.0,1005.0,832.0,0.0,0.0,0.0,0.0,737.6,836.6,971.4,1368.0,1059.8,1179.5,1289.2,313.0,1.6,0.0
MALAYSIA,Land,5085.0,4871.0,3752.0,3217.0,4761.0,5973.0,8815.0,9965.0,8010.0,12333.0,12125.0,12365.0,14180.0,14047.0,0.0,0.0,0.0,0.0,17882.0,18811.7,17299.4,19197.0,18282.3,15687.400000000001,15197.6,2372.0,63.8,0.0
MALDIVES,Air,315.0,339.0,366.0,396.0,430.0,467.0,461.0,485.0,564.0,617.0,395.0,602.0,676.0,683.0,656.0,792.0,931.0,958.0,1125.0,1205.0,1234.0,1286.0,1390.0,1484.0,1703.0,555.0,1322.0,1675.0
MALI,Air,42.0,98.0,75.0,83.0,82.0,86.0,89.0,96.0,110.0,113.0,143.0,153.0,164.0,0.0,116.0,129.0,130.0,101.0,121.0,152.0,159.0,173.2,193.0,203.0,217.0,75.0,168.0,0.0
MALI,Land,0.0,0.0,0.0,0.0,0.0,0.0,0.0,0.0,0.0,0.0,0.0,0.0,0.0,0.0,44.0,40.0,30.0,33.0,21.0,16.0,0.1,0.0,0.0,0.0,0.0,0.0,0.0,0.0
MALTA,Air,1039.0,973.0,1040.0,1102.0,1143.0,1177.0,1145.0,1098.0,1097.0,1127.0,1151.0,1104.0,1224.0,1270.0,1166.0,1309.0,1375.0,1401.0,1539.0,1641.3,1737.7,1918.0,2226.6,2552.0,2702.0,640.0,944.0,2231.5
MALTA,Water,77.0,81.0,71.0,80.0,71.0,39.0,35.0,35.0,29.0,29.0,20.0,20.0,20.0,21.0,16.0,30.0,40.0,42.0,43.0,48.5,45.0,48.0,47.2,47.0,51.0,18.6,24.0,55.1
MARSHALL ISLANDS,Air,5.5,6.2,6.4,6.4,4.6,5.2,5.4,6.0,7.2,7.0,7.5,5.8,7.2,6.0,4.9,4.6,4.6,4.6,0.0,4.9,6.3,5.4,6.0,6.8,6.1,1.2,0.035,0.0
MARSHALL ISLANDS,Water,0.0,0.0,0.0,0.0,0.0,0.0,0.0,0.0,0.0,2.0,1.7,0.0,0.0,0.0,0.5,0.0,0.0,0.0,0.0,0.0,0.0,0.0,0.0,0.0,0.0,0.0,0.0,0.0
MARTINIQUE,Air,0.0,425.0,464.0,498.0,511.0,475.0,419.0,393.0,384.0,404.0,439.0,465.0,469.0,457.0,418.0,451.0,475.0,462.0,476.0,473.1,461.8,495.9,519.5,515.0,517.2,300.2,282.1,522.1
MARTINIQUE,Water,0.0,52.0,49.0,51.0,53.0,51.0,41.0,54.0,70.0,67.0,45.0,38.0,32.0,24.0,24.0,27.0,21.0,26.0,14.0,16.4,25.5,23.4,16.2,22.0,39.1,12.1,8.9,34.0
MAURITIUS,Air,416.0,480.0,529.0,541.0,564.0,646.0,650.0,668.0,690.0,708.0,748.0,775.0,895.0,914.0,848.0,911.0,940.0,948.5,980.0,1035.0,1132.0,1247.0,1312.3,1359.7,1338.2,279.3,178.7,990.1
MAURITIUS,Water,6.0,6.0,7.0,17.0,14.0,10.0,10.0,14.0,12.0,11.0,13.0,13.0,12.0,16.0,23.0,24.0,25.0,16.9,13.0,3.0,19.0,28.0,29.6,39.7,45.2,29.7,1.0,7.2
MEXICO,Air,5626.0,6317.0,6978.0,7086.0,7301.0,7973.0,7662.0,7334.0,7696.0,8870.0,9936.0,10153.0,10617.0,11007.0,8675.0,10619.0,10844.0,11361.0,12221.3,13463.0,15248.0,16878.0,18548.0,19368.0,19634.9,8337.6,14602.1,21329.1
MEXICO,Land,14615.0,15078.0,12373.0,12306.0,11742.0,12668.0,12148.0,12333.0,10969.0,11748.0,11979.0,11199.0,10989.0,11924.0,12671.0,12671.0,12559.0,12042.0,11929.3,15883.0,16845.0,18201.0,20743.0,21944.7,25389.5,15945.9,17258.3,16996.4
MONACO,Air,0.0,0.0,0.0,0.0,0.0,0.0,169.0,169.0,151.0,168.0,196.0,222.0,230.0,0.0,0.0,0.0,0.0,0.0,0.0,0.0,0.0,0.0,0.0,0.0,0.0,0.0,0.0,0.0
MONACO,Water,0.0,0.0,0.0,0.0,0.0,0.0,101.0,93.0,84.0,82.0,90.0,91.0,98.0,0.0,0.0,0.0,0.0,0.0,0.0,0.0,0.0,0.0,0.0,0.0,0.0,0.0,0.0,0.0
MONTSERRAT,Air,0.0,0.0,0.0,0.0,0.0,0.0,1.8,1.9,1.3,1.6,5.6,7.9,7.7,6.8,5.6,5.1,4.1,4.1,4.5,4.1,4.1,6.0,4.1,4.4,4.0,1.9,1.6,0.0
MONTSERRAT,Water,0.0,0.0,0.0,0.0,0.0,0.0,8.0,7.9,7.1,8.5,4.1,0.1,0.1,0.6,0.7,0.9,1.3,3.2,2.7,4.7,4.8,2.7,5.4,5.8,6.4,2.6,0.0,0.0
MOROCCO,Air,1153.0,1277.0,1431.0,1581.0,1853.0,2110.0,2146.0,2095.0,2139.0,2548.0,2986.0,3549.0,4395.0,4792.0,5108.0,6136.0,6254.0,6019.0,6691.4,6950.0,6772.3,6804.0,7619.3,8399.5,9081.5,2265.1,3461.2,7546.9
MOROCCO,Water,1008.0,1021.0,1187.0,989.0,1455.0,1612.0,1637.0,1655.0,1881.0,2201.0,2040.0,1937.0,1745.0,1756.0,1913.0,1924.0,1902.0,1941.0,1993.1,2036.0,2113.1,2198.3,2482.5,2471.6,2320.9,293.3,250.8,1422.3
MOROCCO,Land,441.0,395.0,454.0,525.0,508.0,556.0,597.0,703.0,741.0,728.0,818.0,1072.0,1268.0,1331.0,1320.0,1229.0,1186.0,1415.0,1361.7,1297.0,1291.4,1329.5,1247.6,1417.5,1529.8,219.4,9.8,1899.6
MOZAMBIQUE,Air,0.0,0.0,0.0,0.0,0.0,0.0,15.0,55.0,70.0,116.0,156.0,140.0,54.0,109.0,190.0,508.0,604.0,730.0,675.0,738.5,616.0,605.2,534.1,1012.6,843.0,434.0,219.9,0.0
MOZAMBIQUE,Water,0.0,0.0,0.0,0.0,0.0,0.0,0.0,0.0,0.0,0.0,0.0,0.0,0.0,0.0,0.0,0.0,0.0,0.0,0.0,0.0,0.0,0.0,0.0,0.0,3.0,1.0,0.1,0.0
MOZAMBIQUE,Land,0.0,0.0,0.0,0.0,0.0,0.0,389.0,888.0,656.0,595.0,798.0,524.0,717.0,1330.0,1521.0,1328.0,1409.0,1476.0,1295.0,1012.1,1018.0,1110.1,979.6,1857.2,1187.0,525.0,328.9,0.0
MYANMAR,Air,117.0,172.0,189.0,201.0,198.0,206.0,202.0,215.0,203.0,240.0,230.0,261.0,246.0,191.0,236.0,308.0,385.0,586.0,796.0,1082.0,1220.9,1214.0,1314.1,1335.7,1792.4,330.4,18.6,90.8
MYANMAR,Water,2.0,3.0,3.0,3.0,1.0,1.0,3.0,2.0,3.0,2.0,2.0,3.0,2.0,3.0,2.0,1.0,3.0,3.0,6.0,18.6,26.8,11.0,6.9,9.4,8.7,1.1,0.8,1.2
MYANMAR,Land,75.0,315.0,299.0,274.0,236.0,209.0,270.0,270.0,391.0,415.0,428.0,366.0,468.0,538.0,525.0,483.0,428.0,470.0,1242.0,1980.7,3433.3,1682.0,2122.1,2206.3,2563.0,571.9,111.6,141.4
NAMIBIA,Air,0.0,112.0,121.0,0.0,0.0,0.0,165.0,183.0,167.0,167.0,185.0,217.0,246.0,273.0,0.0,282.0,281.5,291.3,320.7,341.1,376.7,426.5,408.0,435.8,683.6,79.8,98.4,214.3
NAMIBIA,Water,0.0,0.0,0.0,0.0,0.0,0.0,0.0,0.0,4.0,0.0,3.0,3.0,6.0,9.0,0.0,15.0,15.3,10.2,11.7,8.6,10.3,9.8,8.9,9.2,38.6,2.5,0.5,0.0
NAMIBIA,Land,0.0,0.0,0.0,0.0,0.0,0.0,505.0,574.0,520.0,0.0,589.0,613.0,677.0,649.0,0.0,687.0,730.4,777.5,843.7,970.4,1000.7,1033.0,1082.5,1112.1999999999998,873.8,87.3,133.9,246.7
NEPAL,Air,325.0,343.0,371.0,398.0,421.0,377.0,299.0,218.0,275.0,297.0,277.0,284.0,361.0,375.0,379.0,449.0,545.0,598.0,595.0,586.0,407.4,572.6,760.6,969.3,995.9,183.1,150.6,592.6
NEPAL,Land,38.0,50.0,51.0,66.0,70.0,87.0,62.0,57.0,63.0,88.0,98.0,100.0,166.0,125.0,131.0,154.0,191.0,205.0,203.0,204.0,131.6,180.4,179.6,203.8,201.3,47.0,0.3,22.2
NETHERLANDS,Air,0.0,0.0,0.0,0.0,3787.0,0.0,0.0,0.0,0.0,0.0,0.0,0.0,0.0,0.0,0.0,0.0,0.0,0.0,0.0,0.0,0.0,0.0,0.0,0.0,0.0,0.0,0.0,0.0
NETHERLANDS,Water,0.0,0.0,0.0,0.0,287.0,0.0,0.0,0.0,0.0,0.0,0.0,0.0,0.0,0.0,0.0,0.0,0.0,0.0,0.0,0.0,0.0,0.0,0.0,0.0,0.0,0.0,0.0,0.0
NETHERLANDS,Land,0.0,0.0,0.0,0.0,5800.0,0.0,0.0,0.0,0.0,0.0,0.0,0.0,0.0,0.0,0.0,0.0,0.0,0.0,0.0,0.0,0.0,0.0,0.0,0.0,0.0,0.0,0.0,0.0
NEW CALEDONIA,Air,84.0,89.0,105.0,104.0,100.0,110.0,100.0,102.0,101.0,99.0,101.0,100.0,103.0,104.0,99.0,99.0,112.0,112.0,108.0,107.0,114.0,116.0,121.0,120.0,131.0,31.0,12.4,79.0
NEW CALEDONIA,Water,2.0,2.0,2.0,2.0,2.0,2.0,1.0,2.0,1.0,1.0,0.0,0.0,0.0,0.0,0.0,0.0,0.0,0.0,0.0,0.0,0.0,0.0,0.0,0.0,0.0,0.0,0.0,0.0
NEW ZEALAND,Air,1397.0,1518.0,1488.0,1470.0,1592.0,1776.0,1897.0,2022.0,2083.0,2322.0,2349.0,2387.0,2431.0,2408.0,2420.0,2488.0,2568.0,2532.0,2672.0,2817.1,3097.6,3460.7,3677.0,3809.3,3827.4,965.7,205.0,1426.3
NEW ZEALAND,Water,12.0,11.0,9.0,15.0,15.0,11.0,13.0,23.0,21.0,12.0,17.0,22.0,25.0,39.0,28.0,23.0,26.0,23.0,38.0,36.4,31.8,33.6,46.0,48.4,61.0,30.7,2.0,7.5
NICARAGUA,Air,95.0,105.0,123.0,136.0,153.0,172.0,172.0,164.0,180.0,204.0,235.0,279.0,323.0,356.0,353.0,351.0,360.0,392.0,400.0,433.0,466.3,478.8,606.1,381.8,410.0,118.2,88.2,485.3
NICARAGUA,Water,13.0,15.0,12.0,13.0,14.0,17.0,17.0,17.0,21.0,13.0,26.0,28.0,15.0,26.0,26.0,14.0,15.0,17.0,19.0,22.0,19.2,15.7,8.0,7.0,7.5,2.5,1.4,4.3
NICARAGUA,Land,173.0,182.0,223.0,257.0,301.0,297.0,294.0,291.0,324.0,397.0,451.0,442.0,462.0,476.0,553.0,646.0,685.0,771.0,810.0,875.0,900.9,1009.9,1173.2,866.7,877.7,263.3,132.8,328.3
NIGER,Air,35.0,38.0,44.0,20.0,39.0,50.0,51.0,39.0,50.0,54.0,58.0,60.0,48.0,73.0,66.0,74.0,82.0,94.0,123.0,135.0,135.0,152.0,164.0,157.0,192.0,85.0,0.0,0.0
NIGERIA,Air,0.0,0.0,0.0,1273.0,1338.0,1401.0,1646.0,1924.0,2116.0,2493.0,2618.0,2879.0,3140.0,3401.0,3662.0,3118.0,2503.0,2313.0,2439.0,2698.8,3309.5,1565.8,1450.9,1471.2,1501.0,338.6,349.0,356.0
NIGERIA,Water,0.0,0.0,0.0,17.0,17.0,18.0,21.0,22.0,25.0,28.0,29.0,32.0,560.0,407.0,520.0,183.0,67.0,257.0,319.0,624.4,785.5,328.9,103.6,105.1,107.2,24.2,24.9,25.0
NIGERIA,Land,0.0,0.0,0.0,67.0,70.0,73.0,86.0,99.0,112.0,125.0,131.0,144.0,1539.0,1795.0,1871.0,2812.0,1195.0,2103.0,1280.0,1480.0,1922.3,3370.8,3627.4,3678.0,3752.5,846.6,872.5,890.0
NIUE,Air,2.2,1.5,1.8,1.7,1.9,1.9,1.4,2.1,2.7,2.6,2.8,3.0,3.3,4.7,4.7,3.8,0.0,0.0,0.0,0.0,0.0,0.0,0.0,0.0,0.0,0.0,0.0,0.0
NIUE,Water,0.0,0.0,0.0,0.0,0.0,0.0,0.0,0.0,0.0,0.0,0.0,0.0,0.2,0.0,0.0,2.4,0.0,0.0,0.0,0.0,0.0,0.0,0.0,0.0,0.0,0.0,0.0,0.0
NORTHERN MARIANA ISLANDS,Air,669.0,728.0,685.0,481.0,493.0,517.0,438.0,466.0,452.0,525.0,498.0,429.0,385.0,388.0,345.0,375.0,336.0,398.6,436.3,455.0,475.1,526.0,656.0,516.4,483.7,86.8,12.2,96.1
NORTHERN MARIANA ISLANDS,Water,7.0,8.0,10.0,9.0,8.0,12.0,6.0,10.0,7.0,11.0,9.0,7.0,4.0,9.0,9.0,4.0,5.0,2.4,2.6,4.7,3.4,5.0,4.0,1.4,3.3,2.1,0.5,0.5
NORWAY,Air,0.0,0.0,0.0,998.0,1037.0,1006.0,998.0,1011.0,1170.0,1414.0,1588.0,1756.0,1916.0,1901.0,1798.0,2008.0,2137.0,0.0,0.0,0.0,0.0,0.0,0.0,0.0,0.0,0.0,0.0,0.0
NORWAY,Water,0.0,0.0,0.0,700.0,673.0,673.0,655.0,690.0,698.0,694.0,709.0,750.0,808.0,731.0,748.0,824.0,827.0,0.0,0.0,0.0,0.0,0.0,0.0,0.0,0.0,0.0,0.0,0.0
NORWAY,Land,0.0,0.0,0.0,1558.0,1513.0,1425.0,1420.0,1410.0,1401.0,1521.0,1527.0,1565.0,1654.0,1716.0,1801.0,1934.0,2000.0,0.0,0.0,0.0,0.0,0.0,0.0,0.0,0.0,0.0,0.0,0.0
PAKISTAN,Air,328.0,317.0,313.0,354.0,354.0,475.0,407.0,408.0,385.0,536.0,682.0,763.0,732.0,718.0,679.0,0.0,0.0,0.0,0.0,0.0,0.0,0.0,0.0,0.0,0.0,0.0,0.0,0.0
PAKISTAN,Water,0.0,1.0,0.0,1.0,2.0,3.0,0.0,0.0,0.0,0.0,0.0,0.0,0.0,0.0,37.0,0.0,0.0,0.0,0.0,0.0,0.0,0.0,0.0,0.0,0.0,0.0,0.0,0.0
PAKISTAN,Land,50.0,51.0,62.0,74.0,76.0,79.0,93.0,90.0,116.0,112.0,116.0,135.0,108.0,105.0,139.0,0.0,0.0,0.0,0.0,0.0,0.0,0.0,0.0,0.0,0.0,0.0,0.0,0.0
PALAU,Air,53.0,69.0,74.0,64.0,55.0,58.0,54.0,59.0,63.0,89.0,81.0,82.0,88.0,81.0,71.0,85.0,111.0,120.0,108.0,140.0,162.0,138.0,123.0,106.0,94.0,18.0,0.0,0.0
PANAMA,Air,300.0,308.0,344.0,343.0,359.0,375.0,392.0,409.0,450.0,476.0,546.0,671.0,912.0,1044.0,1007.0,1096.0,1209.0,1349.0,1392.0,1656.1,2016.1,1902.1,1865.6,1855.5,1848.0,416.0,665.4,1520.2
PANAMA,Water,6.0,6.0,7.0,8.0,9.0,9.0,13.0,15.0,10.0,23.0,21.0,21.0,13.0,0.0,0.0,0.0,0.0,0.0,0.0,404.8,297.2,250.8,445.2,417.7,436.4,193.6,90.6,340.0
PANAMA,Land,39.0,48.0,51.0,59.0,88.0,100.0,113.0,108.0,105.0,122.0,135.0,151.0,178.0,202.0,193.0,228.0,264.0,257.0,266.0,243.8,239.4,226.3,206.7,214.2,209.5,37.5,48.3,85.5
PAPUA NEW GUINEA,Air,40.0,0.0,0.0,0.0,63.0,58.0,54.0,54.0,56.0,59.0,69.0,78.0,104.0,114.0,121.0,140.0,158.0,168.0,174.0,182.0,183.0,179.0,139.0,140.0,160.0,39.0,17.0,66.8
PAPUA NEW GUINEA,Water,2.0,0.0,0.0,0.0,4.0,0.0,0.0,0.0,0.0,0.0,0.0,0.0,0.0,6.0,5.0,6.0,7.0,7.0,8.0,9.0,16.0,19.0,43.0,55.0,51.0,0.0,0.0,2.6
PARAGUAY,Air,168.0,168.0,208.0,189.0,121.0,64.0,77.0,68.0,68.0,85.0,99.0,102.0,129.0,143.0,135.0,126.0,173.0,213.0,210.0,246.0,232.7,221.9,194.3,205.3,228.2,46.0,30.1,72.3
PARAGUAY,Water,19.0,19.0,17.0,12.0,12.0,0.0,7.0,6.0,5.0,8.0,10.0,10.0,22.0,25.0,21.0,16.0,24.0,29.0,31.0,18.0,51.6,203.8,341.5,129.8,120.7,25.5,0.0,40.7
PARAGUAY,Land,251.0,238.0,170.0,149.0,136.0,224.0,195.0,176.0,195.0,217.0,232.0,276.0,265.0,261.0,283.0,323.0,327.0,337.0,369.0,385.0,930.4,882.5,1048.1,845.8,866.7,180.5,64.8,466.4
PERU,Air,356.0,425.0,459.0,552.0,543.0,629.0,621.45,649.8,678.5,802.8,950.1,970.5,1131.9,1292.4,1343.8,1377.7,1562.5,1717.0,1935.3,1925.4,2033.8,2185.1,2379.8,2586.1,2736.5,530.0,444.3,1489.7
PERU,Water,5.0,5.0,6.0,5.0,14.0,9.5,10.4,6.9,7.3,8.0,8.3,16.0,20.6,25.1,32.7,24.0,24.3,22.1,18.5,32.4,30.9,31.0,32.1,31.6,19.9,11.2,0.0,8.8
PERU,Land,118.0,154.0,185.0,213.0,170.0,418.0,395.8,407.0,450.0,539.2,612.1,734.2,763.9,740.2,763.5,897.5,1011.0,1106.5,1209.8,1257.1,1390.9,1528.3,1620.5,1801.7,1615.4,355.4,0.0,510.7
PHILIPPINES,Air,1740.0,2019.0,2178.0,2092.0,2129.0,1964.0,1770.0,1905.0,1880.0,2260.0,2586.0,2807.0,3042.0,3085.0,2960.0,3461.0,3884.0,4238.0,4637.0,4773.0,5291.0,5894.6,6507.0,6940.0,8099.2,1457.3,164.0,2654.0
PHILIPPINES,Water,20.0,30.0,45.0,57.0,42.0,28.0,27.0,28.0,27.0,31.0,37.0,36.0,50.0,55.0,57.0,59.0,33.0,35.0,44.0,60.0,70.0,72.4,114.0,228.0,161.7,25.2,0.0,0.0
POLAND,Air,705.0,772.0,927.0,1011.0,1069.0,1161.0,1174.0,1126.0,1182.0,1539.0,2004.0,2432.0,2884.0,2800.0,2650.0,3200.0,3650.0,4040.0,4338.0,4425.0,4655.0,4829.0,5028.0,8285.3,8976.6,2617.5,3005.5,6396.8
POLAND,Water,482.0,551.0,1280.0,1574.0,1656.0,1764.0,1468.0,1433.0,1627.0,859.0,404.0,368.0,371.0,350.0,320.0,325.0,310.0,370.0,361.0,368.0,389.0,402.0,419.0,440.2,442.5,319.3,310.2,364.2
POLAND,Land,81057.0,86112.0,85610.0,86007.0,86393.0,81590.0,58789.0,48176.0,49321.0,59520.0,62197.0,62315.0,62953.0,56785.0,50870.0,54815.0,56785.0,62980.0,67611.0,68957.0,72690.0,75245.0,78357.0,77221.0,79095.6,48139.1,47710.0,65053.4
PORTUGAL,Air,4122.0,4116.0,4344.0,4752.0,4947.0,5238.0,5259.0,5073.0,5162.0,5938.0,6137.0,6734.0,0.0,0.0,0.0,0.0,0.0,0.0,0.0,0.0,0.0,0.0,0.0,0.0,0.0,0.0,0.0,0.0
PORTUGAL,Water,239.0,242.0,251.0,260.0,293.0,272.0,188.0,187.0,317.0,0.0,0.0,0.0,0.0,0.0,0.0,0.0,0.0,0.0,0.0,0.0,0.0,0.0,0.0,0.0,0.0,0.0,0.0,0.0
PORTUGAL,Land,18705.0,18894.0,19649.0,21549.0,21775.0,22504.0,22702.0,21935.0,22053.0,15226.0,15037.0,15854.0,0.0,0.0,0.0,0.0,0.0,0.0,0.0,0.0,0.0,0.0,0.0,0.0,0.0,0.0,0.0,0.0
PUERTO RICO,Air,3131.0,3065.0,3242.0,3396.0,3024.0,3341.0,3551.0,3087.0,3238.0,3541.0,3686.0,3722.0,3687.0,3716.0,3183.0,3186.0,3048.0,3069.0,3172.0,3246.0,3542.0,3736.0,3513.0,3068.0,3180.0,2617.4,2755.0,3273.1
PUERTO RICO,Water,956.0,1045.0,1108.0,1275.0,1197.0,1225.0,1357.0,1276.0,1164.0,1348.0,1387.0,1300.0,1375.0,1497.0,1232.0,1194.0,1166.0,1128.0,1038.0,1210.0,1509.0,1267.0,1414.0,1192.0,1751.0,1264.6,0.0,364.4
QATAR,Air,0.0,0.0,0.0,0.0,0.0,0.0,0.0,0.0,0.0,0.0,0.0,0.0,0.0,0.0,850.7,1011.0,1182.0,1356.9,1515.0,1682.7,1770.6,1813.2,1673.4,1715.5,1939.7,449.7,442.5,1657.1
QATAR,Water,0.0,0.0,0.0,0.0,0.0,0.0,0.0,0.0,0.0,0.0,0.0,0.0,0.0,0.0,5.6,3.6,12.3,13.6,18.5,18.5,19.4,29.4,58.6,103.8,196.8,132.0,33.8,98.0
QATAR,Land,0.0,0.0,0.0,0.0,0.0,0.0,0.0,0.0,0.0,0.0,0.0,0.0,0.0,0.0,625.4,685.3,862.9,953.0,1078.5,1138.2,1151.1,1095.5,524.5,0.0,0.0,0.0,134.5,804.7
REUNION,Air,304.0,350.0,374.0,400.0,394.0,430.0,424.0,426.0,432.0,430.0,409.0,279.0,381.0,396.0,422.0,420.0,471.0,447.0,416.0,406.0,426.0,458.0,508.0,535.0,534.0,217.0,251.0,495.0
ROMANIA,Air,433.0,479.0,533.0,553.0,566.0,655.0,705.0,689.0,752.0,704.0,919.0,1122.0,1460.0,1462.0,1277.0,1215.0,1509.0,1468.7,1347.0,1690.0,1535.0,2256.5,2648.1,2797.0,2936.5,729.9,1151.8,2546.8
ROMANIA,Water,175.0,161.0,171.0,160.0,141.0,141.0,135.0,137.0,152.0,186.0,187.0,209.0,234.0,262.0,164.0,154.0,168.0,186.6,196.0,189.0,178.0,166.6,161.2,162.4,185.1,99.2,218.1,450.8
ROMANIA,Land,4837.0,4565.0,4446.0,4119.0,4516.0,4468.0,4097.0,3968.0,4690.0,5709.0,4734.0,4706.0,6028.0,7138.0,6134.0,6129.0,5934.0,6281.4,6476.0,6563.0,7618.0,7799.8,8116.3,8761.0,9693.800000000001,4193.6,5419.0,9699.2
RUSSIAN FEDERATION,Air,2040.0,2194.0,2977.0,2685.0,2225.0,2466.0,2496.0,3140.0,3475.0,4090.0,4135.0,4426.0,5097.0,5532.0,4787.0,5590.0,6383.0,7537.0,8045.4,8198.0,7646.0,0.0,0.0,0.0,0.0,0.0,0.0,0.0
RUSSIAN FEDERATION,Water,538.0,573.0,718.0,820.0,787.0,903.0,967.0,945.0,923.0,1153.0,1147.0,1107.0,1149.0,1252.0,1247.0,1196.0,1269.0,1351.0,1486.5,1333.0,1290.1,0.0,0.0,0.0,0.0,0.0,0.0,0.0
RUSSIAN FEDERATION,Land,7712.0,13441.0,13768.0,12300.0,15481.0,17837.0,18132.0,19224.0,18123.0,16821.0,16919.0,16953.0,16663.0,16892.0,15304.0,15495.0,17280.0,19288.0,21260.3,22890.0,24793.0,0.0,0.0,0.0,0.0,0.0,0.0,0.0
RWANDA,Air,0.0,0.0,0.0,0.0,0.0,0.0,0.0,0.0,0.0,0.0,0.0,72.0,79.0,93.0,99.2,111.1,133.6,123.6,133.2,125.7,170.6,204.0,202.7,242.4,279.8,80.2,109.1,0.0
RWANDA,Land,0.0,0.0,0.0,0.0,0.0,0.0,0.0,0.0,0.0,0.0,0.0,459.0,531.0,575.0,563.3,554.9,774.4,937.7,988.9,1093.8,1127.8,1173.0,1367.3,1469.0,1353.7,417.2,401.8,0.0
SABA,Air,7.2,7.3,8.1,7.8,6.9,6.2,5.9,7.9,6.8,7.3,7.4,6.9,7.0,7.1,7.7,8.0,0.0,0.0,0.0,0.0,0.0,0.0,0.0,0.0,0.0,0.0,0.0,0.0
SABA,Water,2.8,2.5,2.5,2.8,2.3,2.9,3.1,2.9,3.5,3.7,4.1,4.1,4.6,4.9,4.3,4.3,0.0,0.0,0.0,0.0,0.0,0.0,0.0,0.0,0.0,0.0,0.0,0.0
SAINT KITTS AND NEVIS,Air,82.0,86.0,92.0,96.0,87.0,76.0,74.0,73.0,95.0,121.0,145.0,144.0,128.0,131.0,91.6,104.9,113.2,108.9,112.7,113.0,118.0,116.0,115.4,125.0,120.0,30.0,20.2,80.0
SAINT KITTS AND NEVIS,Water,121.0,86.0,103.0,154.0,139.0,171.0,259.0,167.0,152.0,262.0,220.0,206.0,251.0,402.0,456.8,519.4,609.6,557.0,581.9,701.4,913.0,935.0,1078.2,1152.0,987.0,271.0,102.4,509.0
SAINT LUCIA,Air,221.0,226.0,235.0,0.0,0.0,0.0,0.0,0.0,0.0,0.0,0.0,0.0,0.0,280.0,261.0,290.0,289.0,291.0,303.2,323.0,321.0,319.8,348.8,353.6,378.0,123.0,197.9,342.1
SAINT LUCIA,Water,185.0,196.0,328.0,0.0,0.0,0.0,0.0,0.0,0.0,0.0,0.0,0.0,0.0,16.0,18.0,16.0,23.0,16.0,15.4,15.0,24.0,28.1,37.3,41.1,46.0,7.7,1.5,14.1
SAINT VINCENT AND THE GRENADINES,Air,91.0,88.0,93.0,88.0,86.0,94.0,86.0,90.0,92.0,100.0,104.0,106.0,96.0,90.0,81.0,78.0,78.0,77.4,74.0,73.0,77.0,80.0,78.0,81.4,85.6,27.2,24.4,59.4
SAINT VINCENT AND THE GRENADINES,Water,127.0,128.0,107.0,114.0,137.0,162.0,168.0,157.0,149.0,162.0,152.0,200.0,231.0,160.0,190.0,153.0,130.0,122.4,126.0,132.0,130.0,147.0,225.6,275.0,313.3,127.6,32.4,150.7
SAMOA,Air,0.0,0.0,0.0,76.0,81.0,85.0,85.0,86.0,89.0,94.0,99.0,112.0,118.0,118.0,127.0,127.0,125.0,132.0,122.0,129.0,135.0,140.0,153.5,167.6,174.0,20.5,1.1,47.2
SAMOA,Water,0.0,0.0,0.0,2.0,4.0,3.0,3.0,3.0,3.0,4.0,3.0,4.0,4.0,4.0,2.0,3.0,3.0,3.0,3.0,3.0,4.0,6.0,4.0,4.8,7.0,3.4,1.5,3.4
SAN MARINO,Land,3368.0,3345.0,3308.0,3264.0,3148.0,3071.0,3036.0,3102.0,2882.0,2812.0,2107.0,2136.0,2164.0,2112.0,2056.0,1976.0,2038.0,1869.0,1905.0,2004.0,1888.0,2000.0,1937.0,1874.0,1904.0,1015.0,1354.0,0.0
SAO TOME AND PRINCIPE,Air,6.2,6.4,4.8,5.6,5.8,7.1,7.5,9.2,10.0,10.6,15.8,11.9,11.0,14.2,13.7,7.7,0.0,0.0,0.0,0.0,21.162,27.0,29.7,32.7,34.9,10.7,15.1,0.0
SAO TOME AND PRINCIPE,Water,0.0,0.0,0.0,0.0,0.0,0.0,0.0,0.0,0.0,0.0,0.0,0.4,0.8,0.3,1.5,0.3,0.0,0.0,0.0,0.0,2.418,1.866,0.2,0.7,0.0,0.0,0.0,0.0
SAUDI ARABIA,Air,1834.0,0.0,0.0,0.0,0.0,0.0,0.0,0.0,0.0,4194.0,4287.0,4857.0,7341.0,9282.0,5301.0,7006.0,8778.0,10756.0,10860.0,12394.8,11967.0,13590.8,12444.3,11980.0,14081.4,3226.8,2424.0,94190.6
SAUDI ARABIA,Water,275.0,0.0,0.0,0.0,0.0,0.0,0.0,0.0,0.0,581.0,488.0,270.0,581.0,1020.0,289.0,228.0,5.0,1.0,19.0,68.8,48.0,89.6,67.2,75.0,100.4,16.5,6.6,92.0
SAUDI ARABIA,Land,2291.0,0.0,0.0,0.0,0.0,0.0,0.0,0.0,0.0,3824.0,3301.0,3493.0,3608.0,4456.0,5307.0,3616.0,5396.0,5575.0,4893.0,5796.7,5979.0,4364.0,3597.4,3279.0,3343.8,894.9,1046.6,7055.2
SENEGAL,Air,0.0,0.0,0.0,0.0,0.0,0.0,0.0,0.0,0.0,523.0,564.0,522.0,487.0,502.0,469.0,507.0,488.0,466.0,499.0,731.2,766.5,868.6,936.9,0.0,0.0,0.0,0.0,0.0
SENEGAL,Water,0.0,0.0,0.0,0.0,0.0,0.0,0.0,0.0,0.0,10.0,9.0,10.0,4.0,10.0,5.0,6.0,9.0,5.0,6.5,13.2,7.7,8.5,10.5,0.0,0.0,0.0,0.0,0.0
SENEGAL,Land,0.0,0.0,0.0,0.0,0.0,0.0,0.0,0.0,0.0,144.0,206.0,344.0,388.0,365.0,341.0,393.0,479.5,496.0,563.6,231.8,240.1,341.4,428.1,0.0,0.0,0.0,0.0,0.0
SEYCHELLES,Air,115.0,126.0,125.0,124.0,121.0,127.0,127.0,129.0,119.0,117.0,125.0,137.0,159.0,156.0,155.0,174.0,193.0,207.0,229.6,232.0,275.0,302.0,348.0,355.8,371.9,108.3,182.3,330.5
SEYCHELLES,Water,6.0,5.0,5.0,4.0,3.0,3.0,3.0,3.0,3.0,4.0,4.0,4.0,2.0,3.0,2.0,1.0,1.0,1.0,0.7,1.0,1.0,1.0,2.0,6.0,12.3,6.5,0.6,1.5
SIERRA LEONE,Air,13.8,21.9,7.5,12.9,10.6,15.8,24.1,28.4,38.1,43.6,40.0,33.7,32.2,36.0,37.0,39.0,52.0,60.0,81.0,44.0,24.0,54.0,51.0,57.0,63.0,24.0,40.0,0.0
SINGAPORE,Air,5384.0,5463.0,5362.0,4687.0,5142.0,5658.0,5404.0,5394.0,4232.0,5728.0,6267.0,6758.0,7172.0,7234.0,7228.0,8845.0,10142.0,11109.0,11852.0,11693.4,11831.1,12651.7,13547.8,14330.0,14876.6,2114.2,317.0,5400.0
SINGAPORE,Water,816.0,896.0,972.0,830.0,1018.0,1157.0,1197.0,1177.0,1028.0,1332.0,1364.0,1571.0,1538.0,1322.0,1154.0,1266.0,1328.0,1464.0,1518.0,1543.3,1602.5,1676.3,1760.9,2057.0,2211.7,390.9,8.1,543.4
SINGAPORE,Land,937.0,933.0,864.0,724.0,798.0,877.0,921.0,997.0,867.0,1269.0,1312.0,1423.0,1575.0,1560.0,1301.0,1531.0,1701.0,1923.0,2198.0,1858.4,1797.9,2075.4,2115.9,2121.0,2027.8,237.3,4.9,362.4
SINT EUSTATIUS,Air,20.0,20.0,19.0,19.0,19.0,19.0,20.0,0.0,0.0,0.0,0.0,0.0,0.0,0.0,0.0,0.0,0.0,0.0,0.0,0.0,0.0,0.0,0.0,0.0,0.0,0.0,0.0,0.0
SINT EUSTATIUS,Water,5.0,4.0,6.0,6.0,6.0,8.0,10.0,0.0,0.0,0.0,0.0,0.0,0.0,0.0,0.0,0.0,0.0,0.0,0.0,0.0,0.0,0.0,0.0,0.0,0.0,0.0,0.0,0.0
SINT MAARTEN (DUTCH PART),Air,460.0,365.0,439.0,458.0,445.0,432.0,403.0,381.0,428.0,475.0,468.0,468.0,469.0,475.0,440.0,443.0,424.0,457.0,467.0,500.0,505.0,528.0,402.0,178.0,320.0,106.0,249.0,373.0
SINT MAARTEN (DUTCH PART),Water,564.0,657.0,886.0,881.0,616.0,868.0,868.0,1055.0,1172.0,1348.0,1488.0,1422.0,1422.0,1346.0,1215.0,1513.0,1656.0,1753.0,1786.0,2002.0,1902.0,1669.0,1238.0,1597.0,1632.0,436.0,233.0,844.0
SLOVENIA,Air,62.0,75.0,90.0,88.0,80.0,202.0,226.0,241.0,264.0,288.0,298.0,336.0,364.0,407.0,390.0,438.5,478.5,491.4,517.3,553.1,900.1,1011.7,1188.6,1318.0,1500.0,388.0,281.0,603.0
SLOVENIA,Water,1.0,1.0,2.0,2.0,2.0,2.0,2.0,2.0,1.0,1.0,2.0,2.0,2.0,2.0,0.0,0.0,0.0,2.0,2.2,2.3,2.4,2.7,3.1,3.5,1.0,0.0,0.0,0.0
SLOVENIA,Land,668.0,756.0,882.0,887.0,803.0,886.0,991.0,1059.0,1108.0,1210.0,1255.0,1279.0,1385.0,1549.0,1434.0,1610.4,1757.6,1883.2,1982.3000000000002,2119.7000000000003,2119.5,2382.5,2799.0,3103.6000000000004,3201.0,827.0,1543.0,3316.0
SOLOMON ISLANDS,Air,0.0,0.0,0.0,0.0,0.0,0.0,0.0,0.0,0.0,5.6,9.4,11.5,13.7,16.3,18.3,20.5,22.9,23.9,24.4,20.1,21.6,23.2,25.7,27.9,28.9,4.4,0.7,0.0
SOUTH AFRICA,Air,1136.0,1230.0,1329.0,1463.0,1523.0,1597.0,1596.0,1885.0,1980.0,2025.0,2127.0,2318.0,2501.0,2581.0,2152.0,2739.0,2503.0,2937.0,3164.0,2573.0,2535.5,2893.3,3060.3,3088.5,3006.3,773.8,605.6,1837.6
SOUTH AFRICA,Water,26.0,30.0,37.0,38.0,49.0,26.0,17.0,18.0,5.0,3.0,3.0,7.0,5.0,2.0,1.0,5.0,9.0,11.0,7.0,4.0,6.8,11.3,9.1,15.6,16.1,10.2,0.3,5.6
SOUTH AFRICA,Land,3522.0,3926.0,3804.0,4397.0,4454.0,4377.0,4295.0,4646.0,4655.0,4787.0,5388.0,6184.0,6702.0,7146.0,4859.0,5330.0,5827.0,6240.0,6366.0,6972.0,6361.5,7139.6,7215.7,7368.0,7206.3,2018.3,1649.7,3854.8
SPAIN,Air,23934.0,24658.0,27677.0,30457.0,32574.0,34380.0,35331.0,34947.0,36923.0,38524.0,40730.0,42445.0,44324.0,44397.0,40233.0,40558.9,44614.0,46159.4,48763.0,51823.0,54364.6,60343.7,66639.5,67545.7,68691.9,13657.7,24431.9,59307.8
SPAIN,Water,0.0,0.0,0.0,601.0,1085.0,1083.0,1256.0,1225.0,1521.0,1511.0,1772.0,1460.0,1456.0,1452.0,1398.0,1441.5,1416.0,1078.5,908.0,859.0,976.1,1635.4,1965.7,2012.1,1720.8,223.3,227.0,1152.2
SPAIN,Land,9037.0,9369.0,9454.0,10834.0,11781.0,10939.0,11978.0,14158.0,12410.0,12395.0,13411.0,14100.0,12885.0,11343.0,10547.0,10676.6,10147.0,10226.4,11005.0,12257.0,12828.8,13335.9,13263.400000000001,13250.6,13096.5,5052.099999999999,6522.0,11199.2
SRI LANKA,Air,403.0,302.0,366.0,381.0,436.0,400.0,337.0,393.0,500.0,566.0,549.0,559.0,494.0,438.0,447.0,654.0,854.0,1002.47,1248.0,1500.5,1773.0,2026.6,2090.4,2247.9,1814.9,479.6,194.0,716.7
SRI LANKA,Water,0.3,0.2,0.4,0.3,0.2,0.3,0.2,0.0,0.2,0.2,0.3,0.4,0.3,0.1,0.4,0.4,2.0,3.14,26.0,26.7,25.0,24.3,25.6,85.8,98.8,28.1,0.0,3.3
SUDAN,Air,29.0,38.0,30.0,30.0,33.0,32.0,42.0,42.0,40.0,51.0,197.0,318.0,361.0,364.0,294.0,287.0,311.0,402.2,413.9,478.5,0.0,551.0,561.0,0.0,0.0,0.0,0.0,0.0
SUDAN,Water,0.0,0.0,0.0,4.0,4.0,4.0,5.0,7.0,8.0,8.0,37.0,7.0,59.0,58.0,84.0,198.0,214.0,114.9,118.3,191.4,0.0,160.0,162.0,0.0,0.0,0.0,0.0,0.0
SUDAN,Land,0.0,0.0,0.0,2.0,2.0,2.0,3.0,3.0,3.0,3.0,12.0,3.0,16.0,18.0,42.0,10.0,11.0,57.5,59.1,13.7,0.0,88.0,89.0,0.0,0.0,0.0,0.0,0.0
SURINAME,Air,43.0,53.0,61.0,55.0,57.0,57.0,54.0,60.0,82.0,75.0,122.0,119.0,134.0,120.0,113.0,146.0,150.0,155.0,149.0,154.0,140.4,167.0,199.9,0.0,0.0,0.0,0.0,0.0
SURINAME,Water,26.0,21.0,17.0,15.0,15.0,15.0,14.0,0.0,17.0,16.0,38.0,35.0,33.0,31.0,38.0,59.0,70.0,85.0,100.0,98.0,87.3,90.0,78.1,0.0,0.0,0.0,0.0,0.0
SWEDEN,Air,0.0,0.0,0.0,0.0,0.0,0.0,3083.0,2700.0,0.0,0.0,0.0,0.0,0.0,0.0,0.0,0.0,3689.0,4662.0,4509.0,4503.0,0.0,0.0,0.0,0.0,0.0,0.0,0.0,0.0
SWEDEN,Water,0.0,0.0,0.0,0.0,0.0,0.0,2221.0,2558.0,0.0,0.0,0.0,0.0,0.0,0.0,0.0,0.0,7019.0,7630.0,7036.0,7032.0,0.0,0.0,0.0,0.0,0.0,0.0,0.0,0.0
SWEDEN,Land,0.0,0.0,0.0,0.0,0.0,0.0,2132.0,2200.0,0.0,0.0,0.0,0.0,0.0,0.0,0.0,0.0,8696.0,7719.0,7259.0,8410.0,0.0,0.0,0.0,0.0,0.0,0.0,0.0,0.0
SYRIAN ARAB REPUBLIC,Air,271.0,325.0,355.0,343.0,344.0,544.0,579.0,666.0,629.0,830.0,836.0,878.0,945.0,1256.0,1088.0,1455.0,849.0,0.0,0.0,0.0,0.0,168.8,237.5,266.7,322.8,96.8,244.5,0.0
SYRIAN ARAB REPUBLIC,Water,10.0,9.0,12.0,12.0,15.0,30.0,21.0,20.0,19.0,28.0,33.0,27.0,24.0,29.0,9.0,12.0,2.0,0.0,0.0,0.0,0.0,0.5,0.7,1.1,0.8,0.5,0.9,0.0
SYRIAN ARAB REPUBLIC,Land,1971.0,2101.0,1965.0,2108.0,2322.0,2838.0,3071.0,3992.0,4189.0,5476.0,4989.0,4776.0,4465.0,5666.0,5559.0,7990.0,4582.0,0.0,0.0,0.0,0.0,874.1,1052.9,1534.3,2100.7,382.0,415.4,0.0
TAIWAN PROVINCE OF CHINA,Air,2317.0,2344.0,2358.0,2284.0,2397.0,2611.0,2814.0,2954.0,2228.0,2916.0,3341.0,3450.0,3624.0,3736.0,4177.0,5265.0,5762.0,6955.0,7660.0,9432.0,9839.3,10161.3,10151.3,10415.2,11193.0,1331.3,127.7,875.9
TAIWAN PROVINCE OF CHINA,Water,15.0,14.0,14.0,14.0,14.0,13.0,17.0,24.0,20.0,35.0,37.0,70.0,92.0,110.0,218.0,302.0,325.0,356.0,356.0,478.0,600.4,529.0,588.3,651.5,671.2,46.6,12.7,20.1
TAJIKISTAN,Air,0.0,0.0,0.0,0.0,0.7,2.3,1.0,0.0,0.0,0.0,0.0,0.0,0.0,0.0,0.0,0.0,0.0,94.0,78.0,170.0,390.5,284.0,281.0,305.0,0.0,0.0,0.0,0.0
TAJIKISTAN,Land,0.0,0.7,2.1,3.2,3.8,5.4,4.2,0.0,0.0,0.0,0.0,0.0,0.0,0.0,0.0,0.0,0.0,150.0,130.0,43.0,23.3,60.0,150.0,730.0,0.0,0.0,0.0,0.0
"TANZANIA, UNITED REPUBLIC OF",Air,110.0,146.0,160.0,311.0,365.0,312.0,315.0,316.0,320.0,257.0,331.0,359.0,389.0,439.0,380.0,405.0,476.0,604.0,562.5,636.0,651.8,768.1,769.0,929.0,936.0,366.1,609.9,0.0
"TANZANIA, UNITED REPUBLIC OF",Water,16.0,22.0,35.0,8.0,6.0,15.0,21.0,20.0,25.0,24.0,10.0,14.0,16.0,9.0,10.0,23.0,3.0,3.0,59.2,60.0,62.5,77.1,76.0,11.4,10.0,11.0,12.9,0.0
"TANZANIA, UNITED REPUBLIC OF",Land,169.0,158.0,165.0,163.0,256.0,175.0,189.0,239.0,231.0,302.0,272.0,271.0,315.0,322.0,324.0,355.0,389.0,469.0,474.2,444.0,422.7,439.1,482.0,565.3000000000001,581.0,243.7,404.1,0.0
THAILAND,Air,5670.0,6124.0,6205.0,6678.0,7263.0,8077.0,8456.0,8955.0,8164.0,9803.0,9544.0,11495.0,11975.0,11624.0,11100.0,12378.0,14929.0,17803.0,21501.0,0.0,0.0,27217.5,30113.7,32136.1,33481.6,5625.4,510.8,0.0
THAILAND,Water,159.0,137.0,116.0,178.0,234.0,248.0,250.0,225.0,180.0,247.0,242.0,303.0,280.0,213.0,254.0,486.0,552.0,563.0,705.0,0.0,0.0,473.6,494.1,616.3,761.1,981.9,0.0,0.0
THAILAND,Land,1122.0,983.0,973.0,987.0,1154.0,1254.0,1427.0,1693.0,1738.0,1688.0,1781.0,2024.0,2209.0,2747.0,2796.0,3072.0,3749.0,3988.0,4341.0,0.0,0.0,4838.4,4984.2,2425.7,5673.6,117.9,0.0,0.0
TIMOR-LESTE,Air,0.0,0.0,0.0,0.0,0.0,0.0,0.0,0.0,0.0,0.0,0.0,13.7,22.3,36.0,44.2,39.8,50.6,57.5,77.8,59.8,61.6,65.6,73.9,74.6,80.8,17.9,5.5,0.0
TOGO,Air,0.0,0.0,0.0,0.0,0.0,0.0,0.0,0.0,0.0,0.0,0.0,0.0,0.0,0.0,0.0,0.0,0.0,0.0,0.0,0.0,126.0,219.0,352.7,366.8,517.0,0.0,0.0,0.0
TOGO,Water,0.0,0.0,0.0,0.0,0.0,0.0,0.0,0.0,0.0,0.0,0.0,0.0,0.0,0.0,0.0,0.0,0.0,0.0,0.0,0.0,0.0,1.0,3.2,17.2,8.8,0.0,0.0,0.0
TOGO,Land,0.0,0.0,0.0,0.0,0.0,0.0,0.0,0.0,0.0,0.0,0.0,0.0,0.0,0.0,0.0,0.0,0.0,0.0,0.0,0.0,123.0,118.0,158.0,189.1,350.5,0.0,0.0,0.0
TONGA,Air,29.0,27.0,26.0,27.0,31.0,35.0,32.0,37.0,40.0,41.0,42.0,39.0,46.0,50.0,45.7,47.1,46.0,47.4,48.2,50.4,53.8,59.1,62.5,54.0,67.3,9.0,0.2,18.4
TONGA,Water,4.0,4.0,3.0,8.0,13.0,8.0,6.0,8.0,11.0,10.0,18.0,15.0,19.0,15.0,29.0,17.9,22.4,9.8,11.5,15.4,18.8,27.5,24.1,23.3,26.7,2.5,0.0,3.9
TRINIDAD AND TOBAGO,Air,260.0,266.0,324.0,334.0,358.0,399.0,383.0,384.0,409.0,443.0,463.0,461.0,449.0,437.0,419.0,388.0,431.0,455.0,434.0,412.8,439.8,410.0,394.7,375.5,388.6,95.3,40.6,226.5
TRINIDAD AND TOBAGO,Water,22.0,51.0,36.0,43.0,63.0,104.0,85.0,67.0,65.0,58.0,66.0,73.0,82.0,45.0,115.0,102.0,60.0,49.0,33.0,45.8,82.0,88.3,75.2,132.3,93.0,45.8,0.5,26.8
TUNISIA,Air,2502.0,2674.0,3030.0,3224.0,3591.0,3752.0,3761.0,3066.0,2992.0,3664.0,4053.0,4144.0,4263.0,4371.0,4034.0,4140.0,2406.0,3597.0,3766.0,3449.0,0.0,1960.9,2339.5,3166.4,3556.1,587.0,793.4,2391.0
TUNISIA,Water,51.0,55.0,58.0,55.0,68.0,70.0,72.0,78.0,89.0,84.0,94.0,101.0,105.0,103.0,109.0,110.0,90.0,96.0,78.0,89.0,0.0,74.6,86.2,89.6,118.6,33.0,55.4,108.7
TUNISIA,Land,1566.0,1155.0,1176.0,1439.0,1173.0,1236.0,1554.0,1920.0,2033.0,2250.0,2232.0,2305.0,2394.0,2576.0,2759.0,2653.0,2289.0,2257.0,2425.0,2532.0,0.0,2490.3,3317.0,3665.2,4309.8,812.0,751.4,2669.8
TÜRKIYE,Air,5164.0,6240.0,7020.0,6699.0,4687.0,7274.0,8459.0,9990.0,10080.0,12575.0,14980.0,14085.0,20271.0,22974.0,22912.4,23101.0,26026.3,27733.0,29418.0,31034.0,31040.4,22425.4,28113.9,35230.1,39828.9,11765.0,23573.1,37984.9
TÜRKIYE,Water,885.0,922.0,953.0,1111.0,835.0,1145.0,1138.0,745.0,992.0,1152.0,1320.0,1457.0,1812.0,2680.0,2669.0,2122.0,2709.0,2528.0,2616.0,2493.0,2371.2,958.0,838.0,1039.7,1455.6,310.0,408.3,1950.8
TÜRKIYE,Land,1678.0,1452.0,1716.0,1943.0,1965.0,2010.0,2022.0,2520.0,2957.0,3790.0,4825.0,4278.0,5132.0,5484.0,6178.4,7774.0,8034.0,7455.0,7827.0,8100.0,7702.5,7523.3,9018.0,9842.8,10462.699999999999,3896.0,6057.6,11451.9
TURKMENISTAN,Air,138.0,89.0,91.0,94.0,0.0,2.2,1.1,4.8,2.7,3.8,2.7,4.0,4.8,0.0,0.0,0.0,0.0,0.0,0.0,0.0,0.0,0.0,0.0,0.0,0.0,0.0,0.0,0.0
TURKMENISTAN,Water,0.0,11.0,0.0,0.0,0.0,0.0,0.0,0.0,0.0,0.0,0.0,0.0,0.2,0.0,0.0,0.0,0.0,0.0,0.0,0.0,0.0,0.0,0.0,0.0,0.0,0.0,0.0,0.0
TURKMENISTAN,Land,95.0,182.0,241.0,286.0,0.0,1.2,4.1,6.0,5.5,11.0,8.9,1.7,3.2,0.0,0.0,0.0,0.0,0.0,0.0,0.0,0.0,0.0,0.0,0.0,0.0,0.0,0.0,0.0
TURKS AND CAICOS ISLANDS,Air,76.0,86.0,91.0,111.0,120.0,139.0,164.0,154.0,158.0,0.0,0.0,0.0,0.0,0.0,0.0,0.0,0.0,0.0,0.0,0.0,0.0,0.0,0.0,0.0,0.0,0.0,0.0,0.0
TURKS AND CAICOS ISLANDS,Water,3.0,2.0,2.0,0.0,1.0,13.0,1.0,3.0,0.0,0.0,0.0,0.0,0.0,0.0,0.0,0.0,0.0,0.0,0.0,0.0,0.0,0.0,0.0,0.0,0.0,0.0,0.0,0.0
TUVALU,Air,0.0,0.0,0.0,0.0,0.0,0.0,0.0,0.0,1.1,1.1,0.9,0.9,1.0,0.0,0.0,0.0,1.1,0.0,0.0,0.0,0.0,0.0,0.0,3.0,3.6,0.6,0.04,0.244
TUVALU,Water,0.0,0.0,0.0,0.0,0.0,0.0,0.0,0.0,0.3,0.2,0.2,0.2,0.1,0.0,0.0,0.0,0.1,0.0,0.0,0.0,0.0,0.0,0.0,0.1,0.1,0.0,0.0,0.0
UGANDA,Air,0.0,0.0,97.0,100.0,97.0,78.0,80.0,86.0,97.0,131.0,172.0,200.0,234.0,358.0,271.0,369.0,369.0,416.0,423.0,443.4,402.3,432.3,420.9,0.0,586.2,78.9,99.0,196.0
UGANDA,Land,0.0,0.0,78.0,95.0,92.0,115.0,125.0,168.0,208.0,381.0,296.0,339.0,408.0,486.0,536.0,577.0,782.0,781.0,783.0,822.6,900.6,890.2,981.5,0.0,956.4,394.2,414.0,618.5
UKRAINE,Air,350.0,323.0,515.0,418.0,523.0,523.0,605.0,665.0,675.0,844.0,1069.0,1217.0,1478.0,1662.0,1457.0,1731.0,2004.0,2298.0,2497.0,1193.0,1319.0,1602.9,2128.6,2566.0,2742.7,702.8,1430.4,145.6
UKRAINE,Water,560.0,530.0,1171.0,251.0,306.0,322.0,290.0,307.0,300.0,375.0,264.0,292.0,314.0,318.0,276.0,269.0,255.0,240.0,263.0,148.0,127.0,115.7,127.3,122.9,133.8,122.9,138.2,55.7
UKRAINE,Land,4575.0,4538.0,13058.0,11334.0,10160.0,10846.0,10982.0,11821.0,11539.0,14410.0,19156.0,20204.0,24370.0,26848.0,22300.0,22114.0,22276.0,22523.0,23265.0,11886.0,11579.0,12015.8,12323.5,11653.3,10833.0,2556.4,2703.4,2105.8
UNITED ARAB EMIRATES,Air,0.0,0.0,0.0,0.0,0.0,0.0,0.0,0.0,0.0,0.0,0.0,0.0,0.0,0.0,0.0,0.0,0.0,0.0,0.0,14248.8,14421.7,15075.3,16315.6,17071.7,17636.2,5962.5,9460.4,0.0
UNITED ARAB EMIRATES,Water,0.0,0.0,0.0,0.0,0.0,0.0,0.0,0.0,0.0,0.0,0.0,0.0,0.0,0.0,0.0,0.0,0.0,0.0,0.0,392.2,317.5,422.9,398.5,396.9,538.7,279.3,127.8,0.0
UNITED ARAB EMIRATES,Land,0.0,0.0,0.0,0.0,0.0,0.0,0.0,0.0,0.0,0.0,0.0,0.0,0.0,0.0,0.0,0.0,0.0,0.0,0.0,1591.6,4574.3,5396.2,5090.6,5623.7,7106.7,1842.4,3196.1,0.0
UNITED KINGDOM,Air,15754.0,16279.0,16858.0,17479.0,17284.0,17831.0,16054.0,17098.0,17635.0,20002.0,22043.0,24588.0,25089.0,24024.0,23239.0,22162.4,23740.7,23880.3,24786.5,26136.7,27262.0,29453.0,31879.5,31511.6,32137.2,0.0,4922.5,25080.0
UNITED KINGDOM,Water,5998.0,6176.0,5746.0,5098.0,4993.0,4298.0,4002.0,4405.0,4369.0,4770.0,4675.0,4858.0,4459.0,4495.0,4463.0,4403.6,4388.9,4125.2,4301.7,4730.5,4892.4,4906.5,4666.3,4514.1,4460.4,0.0,834.1,2772.0
UNITED KINGDOM,Land,1785.0,2708.0,2911.0,3168.0,3117.0,3080.0,2779.0,2677.0,2711.0,2983.0,3252.0,3267.0,3230.0,3369.0,3370.0,3832.4,3756.3,4215.5,4478.3,4469.5,4637.7,4769.3,4534.4,4257.5,4259.8,0.0,627.2,3392.0
UNITED STATES OF AMERICA,Air,24668.0,27558.0,29393.0,29018.0,30218.835,32387.885,27399.153,24240.032,23078.148,25823.589,27673.12,27805.863,30347.488,32035.142,30016.433,33170.91,35978.485,37752.463,41679.971,43807.076,47666.717,46940.691,48734.483,50695.476,50253.1,10932.6,13735.6,31938.4
UNITED STATES OF AMERICA,Water,372.0,432.0,452.0,461.0,460.2359348781089,481.85186225261725,450.88290683471433,386.48157141639854,375.420823059211,417.0181087345282,420.48524664615223,452.5162044274805,502.8892708561057,460.3439605244893,427.3159532785156,415.912,411.282,449.587,578.297,597.837,565.267,553.457,531.737,561.207,536.7,57.7,74.6,547.3
UNITED STATES OF AMERICA,Land,18450.0,18646.0,18030.0,16890.0,17475.750174938607,18025.3656868451,18704.71266186728,18571.593415693416,17339.77913036157,19339.841474207202,20766.889875620916,22387.555674428313,24887.091375531145,25155.82615895252,24310.95793166333,26423.538,27087.649,28764.847,29384.639,30974.441,29541.542,28913.34,27920.525999999998,28489.235,28651.899999999998,8221.6,8290.2,18384.0
UNITED STATES VIRGIN ISLANDS,Air,570.0,462.0,509.0,523.0,560.0,628.0,606.0,598.0,621.0,655.0,689.0,667.0,688.0,678.0,663.0,672.0,677.0,738.0,703.0,730.0,764.0,797.0,650.0,491.0,641.0,419.2,826.0,0.0
UNITED STATES VIRGIN ISLANDS,Water,1171.0,1316.0,1619.0,1616.0,1404.0,1768.0,1891.0,1739.0,1774.0,1965.0,1913.0,1903.0,1918.0,1757.0,1582.0,1859.0,2009.0,1904.0,1999.0,2084.0,1879.0,1777.0,1304.0,1431.0,1433.0,442.0,245.7,0.0
URUGUAY,Air,402.0,466.0,436.0,429.0,402.0,377.0,332.0,299.0,314.0,380.0,406.0,419.0,437.0,458.0,468.0,565.0,628.0,568.0,503.0,564.7,531.0,603.0,641.0,705.8,600.0,0.0,0.0,0.0
URUGUAY,Water,852.0,916.0,1105.0,956.0,909.0,1018.0,741.0,469.0,537.0,691.0,692.0,775.0,897.0,990.0,983.0,1016.0,984.0,909.0,910.0,814.1,1026.0,1025.7,1199.9,1017.4,897.1,0.0,0.0,0.0
URUGUAY,Land,923.0,877.0,922.0,938.0,962.0,841.0,1064.0,586.0,649.0,801.0,819.0,630.0,478.0,550.0,647.0,827.1,1347.8,1368.6,1401.6,1431.8,1408.0,1699.8,2099.9,1988.7,1723.5,0.0,0.0,0.0
UZBEKISTAN,Air,89.0,168.0,939.0,789.0,465.0,280.0,323.0,296.0,220.0,235.0,217.0,523.0,855.0,231.0,217.0,227.0,0.0,0.0,0.0,0.0,0.0,0.0,0.0,437.0,656.7,0.0,0.0,0.0
UZBEKISTAN,Land,3.0,6.0,21.0,22.0,22.0,22.0,22.0,16.0,11.0,27.0,25.0,37.0,48.0,838.0,998.0,748.0,0.0,0.0,0.0,0.0,0.0,0.0,0.0,4909.0,6091.799999999999,0.0,0.0,0.0
VANUATU,Air,42.0,45.0,49.0,52.0,51.0,58.0,53.0,49.0,50.0,61.0,62.0,68.0,81.0,90.5,100.7,97.2,94.0,108.2,110.1,108.7,90.0,95.1,109.0,116.0,120.6,22.0,0.0,30.3
VANUATU,Water,2.0,57.0,31.0,25.0,45.0,48.0,53.0,50.0,52.0,38.0,64.0,86.0,86.0,106.1,124.8,140.5,154.9,213.2,247.3,220.2,197.0,256.0,224.0,234.0,135.4,60.4,0.0,34.6
"VENEZUELA, BOLIVARIAN REPUBLIC OF",Air,614.0,665.0,714.0,682.0,584.0,453.0,578.0,298.0,258.0,380.0,595.0,565.0,607.0,651.0,529.0,489.0,529.0,721.0,752.2,614.3,549.0,523.5,351.3,0.0,0.0,0.0,0.0,0.0
"VENEZUELA, BOLIVARIAN REPUBLIC OF",Water,2.0,3.0,3.0,3.0,3.0,8.0,3.0,117.0,77.0,105.0,115.0,134.0,121.0,3.0,5.0,0.0,0.0,0.0,0.0,0.0,0.0,0.0,0.0,0.0,0.0,0.0,0.0,0.0
"VENEZUELA, BOLIVARIAN REPUBLIC OF",Land,84.0,90.0,97.0,0.0,0.0,6.0,3.0,15.0,0.0,0.0,0.0,19.0,27.0,45.0,27.0,37.0,66.0,267.0,233.4,242.4,239.0,77.8,76.1,0.0,0.0,0.0,0.0,0.0
VIET NAM,Air,1207.0,940.0,1034.0,874.0,1022.0,1113.0,1294.0,1540.0,1395.0,1822.0,2335.0,2702.0,3301.0,3283.0,3025.0,4062.0,5032.0,5576.0,5980.0,6220.0,6271.0,8261.0,10910.3,12485.0,14377.5,3083.2,111.1,3277.2
VIET NAM,Water,21.0,162.0,131.0,157.0,188.0,256.0,285.0,309.0,241.0,263.0,200.0,224.0,225.0,152.0,66.0,50.0,46.0,286.0,193.0,48.0,170.0,285.0,258.8,215.3,264.1,144.7,0.6,3.1
VIET NAM,Land,123.0,505.0,550.0,489.0,572.0,771.0,751.0,779.0,793.0,843.0,942.0,657.0,703.0,801.0,656.0,938.0,936.0,986.0,1399.0,1606.0,1503.0,1467.0,1753.0,2797.5,3367.0,609.4,45.6,380.9
YEMEN,Air,0.0,0.0,0.0,0.0,0.0,0.0,0.0,0.0,0.0,0.0,0.0,145.0,144.0,143.0,492.0,424.0,268.3,382.0,411.0,0.0,178.7,0.0,0.0,0.0,0.0,0.0,0.0,0.0
YEMEN,Water,0.0,0.0,0.0,0.0,0.0,0.0,0.0,0.0,0.0,0.0,0.0,4.0,3.0,13.0,9.0,8.0,2.4,2.0,3.0,0.0,1.0,0.0,0.0,0.0,0.0,0.0,0.0,0.0
YEMEN,Land,0.0,0.0,0.0,0.0,0.0,0.0,0.0,0.0,0.0,0.0,0.0,232.0,233.0,248.0,527.0,593.0,558.4,490.0,576.0,0.0,187.0,0.0,0.0,0.0,0.0,0.0,0.0,0.0
ZAMBIA,Air,41.0,31.0,36.0,42.0,46.0,57.0,62.0,71.0,104.0,137.0,164.0,227.0,281.0,236.0,191.0,249.0,297.0,252.0,241.0,262.4,272.8,285.5,294.0,319.0,326.5,89.2,105.6,0.0
ZAMBIA,Water,0.0,0.0,0.0,0.0,0.0,0.0,0.0,0.0,0.0,0.0,0.0,0.0,0.0,0.0,0.0,0.0,0.0,8.0,8.0,4.3,3.2,7.1,7.3,4.5,6.3,2.6,6.7,0.0
ZAMBIA,Land,122.0,233.0,305.0,320.0,358.0,401.0,430.0,494.0,309.0,378.0,504.0,530.0,616.0,576.0,519.0,566.0,623.0,599.0,666.0,680.3,655.9,663.7,707.8,748.5999999999999,933.6,409.8,442.0,0.0
ZIMBABWE,Air,0.0,0.0,0.0,324.0,504.0,463.0,452.0,340.0,340.0,330.0,327.0,275.0,982.0,429.0,573.0,326.0,350.0,228.0,223.0,198.0,280.6,239.0,310.1,337.2,320.8,77.3,147.4,367.0
ZIMBABWE,Land,0.0,0.0,0.0,1763.0,1746.0,1504.0,2311.0,1738.0,2016.0,1524.0,1231.0,2012.0,1524.0,1526.0,1444.0,1913.0,2073.0,1566.0,1610.0,1682.0,1776.0,1929.0,2112.8,2242.8,1973.4,562.1,233.4,676.8
